local_ts,tick_ms,ax_raw,ay_raw,az_raw,gx_raw,gy_raw,gz_raw,enc_l,enc_r
1777182672.7879689,0,-1683,15012,7080,-152,261,-198,0,0
1777182672.82215,20,-1683,15062,7015,-125,267,-170,0,0
1777182672.8562381,40,-1681,15055,7073,-137,268,-181,0,0
1777182672.8925388,60,-1710,15014,7056,-137,270,-180,0,0
1777182672.926681,80,-1704,15037,7012,-129,276,-180,0,0
1777182672.9609065,100,-1687,15045,6998,-125,267,-184,0,0
1777182672.9982827,120,-1743,15023,7039,-134,261,-169,0,0
1777182673.032511,140,-1695,15033,6975,-150,264,-176,0,0
1777182673.0673347,160,-1836,14676,7676,-7611,-471,-1027,0,0
1777182673.1111252,180,-1416,15082,7188,744,444,1256,0,0
1777182673.1521413,200,-1690,14588,8559,-326,-117,-749,0,0
1777182673.1927545,220,-1470,15274,6240,1977,736,639,0,0
1777182673.2367256,240,-1703,14846,7292,5770,422,846,0,0
1777182673.2777915,260,-1475,15209,6601,-1269,476,-925,0,0
1777182673.3184965,280,-1659,14873,7399,-248,291,-57,0,0
1777182673.362823,300,-1643,14889,7247,-2236,-234,-639,0,0
1777182673.4036036,320,-1615,15015,7019,-2580,-38,-216,0,0
1777182673.444626,340,-1623,14630,7896,-5414,-571,-517,0,0
1777182673.4886973,360,-1695,14480,8164,-7603,-448,-993,0,0
1777182673.5298512,380,-1712,14148,8963,-7841,-1993,-1002,0,0
1777182673.5709758,400,-1648,14111,9335,-2284,334,-722,0,0
1777182673.6151004,420,-1617,13962,9175,1185,1094,304,0,0
1777182673.6562665,440,-1660,14102,9092,4572,1416,1376,0,0
1777182673.6970885,460,-1254,14231,8921,3298,427,-353,0,0
1777182673.74096,480,-1655,14401,8438,1941,554,65,0,0
1777182673.8060796,500,-1546,14477,8426,-563,248,-517,0,0
1777182673.8464215,520,-1661,14507,8242,60,60,733,0,0
1777182673.8905337,540,-1585,14405,8406,-2637,137,-499,0,0
1777182673.9314926,560,-3095,12902,10510,-3061,80,-1953,0,0
1777182673.9727545,580,-2598,14596,7898,10506,2913,1664,0,0
1777182674.0166576,600,-1644,14914,7181,1090,439,-242,0,0
1777182674.057265,620,-1648,14874,7364,-847,249,-270,0,0
1777182674.097799,640,-1649,14872,7492,1382,271,-25,0,0
1777182674.1413796,660,-1608,14947,7147,767,354,29,0,0
1777182674.181993,680,-1606,14985,7257,973,266,-114,0,0
1777182674.222549,700,-1629,14849,7597,-2379,-1,-481,0,0
1777182674.2598474,720,-1613,14989,6977,976,409,-51,0,0
1777182674.293914,740,-1857,14585,8392,2,-306,-101,0,0
1777182674.328683,760,-2113,14873,7616,2882,-1313,-325,0,0
1777182674.3727098,780,-3411,15752,6449,669,-1531,920,0,0
1777182674.4137342,800,-2196,14768,7949,173,-1529,-245,0,0
1777182674.4546392,820,414,14604,5921,1621,-636,-1693,0,0
1777182674.4989064,840,-1612,15151,6124,-6323,46,-1047,0,0
1777182674.5398202,860,-2061,15046,7296,-4807,600,-72,0,0
1777182674.5806344,880,-1375,15152,6877,-223,1098,-19,0,0
1777182674.624511,900,-1554,15145,6671,1564,431,97,0,0
1777182674.6654894,920,-1597,14935,7338,-1517,133,-349,0,0
1777182674.7061186,940,-1591,15030,7099,792,403,-72,0,0
1777182674.749945,960,-1612,15043,6962,72,261,-138,0,0
1777182674.7911987,980,-1562,15208,6466,-24045,432,-398,0,0
1777182674.867877,1000,-1823,14388,8991,-5149,3221,-350,0,0
1777182674.9122667,1020,-2244,13312,10274,-1645,101,238,0,0
1777182674.953041,1040,-1885,13833,9357,-607,166,-24,0,0
1777182674.9944477,1060,-3447,14745,8088,8336,4337,3417,0,0
1777182675.0387125,1080,-1304,13919,9009,11628,761,505,0,0
1777182675.0798433,1100,-1627,15313,5499,7139,954,1198,0,0
1777182675.121086,1120,-1572,14954,7104,-2136,417,-439,0,0
1777182675.1655173,1140,-6447,14517,7474,-5574,1149,-707,0,0
1777182675.2067327,1160,-2307,14784,7672,-4912,755,-997,0,0
1777182675.247802,1180,-444,14438,8458,-5085,2139,-63,0,0
1777182675.2921216,1200,-2014,14522,8004,-925,2941,1232,0,0
1777182675.3332994,1220,-997,13964,10226,5819,971,1420,0,0
1777182675.3744893,1240,-1612,14922,6503,12845,503,415,0,0
1777182675.4186847,1260,-1564,15033,6780,-483,147,-467,0,0
1777182675.4596696,1280,-1580,14941,7294,512,412,-133,0,0
1777182675.5005937,1300,-1562,15043,6958,1109,283,-17,0,0
1777182675.5446272,1320,-1504,15301,6223,-667,548,44,0,0
1777182675.5855381,1340,-1594,14973,7332,-1170,259,30,0,0
1777182675.6267302,1360,-1670,14797,7510,1639,-430,-727,0,0
1777182675.6715744,1380,-3424,13988,8817,-4988,-5281,-3034,0,0
1777182675.7130094,1400,-2036,15530,6991,2937,-972,-361,0,0
1777182675.7540543,1420,-1696,15062,7060,998,-707,-541,0,0
1777182675.798142,1440,-1696,14798,7325,-340,290,-246,0,0
1777182675.8393226,1460,-1971,14104,9530,7247,-355,230,0,0
1777182675.8801188,1480,-1577,15077,6807,972,310,-85,0,0
1777182675.9490771,1500,-1593,14978,7103,-137,261,-218,0,0
1777182675.9897077,1520,-1541,15059,6989,761,359,-58,0,0
1777182676.0306966,1540,-1522,15106,6935,-714,208,-257,0,0
1777182676.0749152,1560,-1908,14697,8440,2526,-473,257,0,0
1777182676.1159894,1580,-567,16977,2036,1072,-796,-968,0,0
1777182676.157727,1600,-1805,14650,7405,-17683,-3547,-3370,0,0
1777182676.2026005,1620,-1873,15419,8905,-13410,-2399,-1527,0,0
1777182676.2443006,1640,-1330,12378,10116,-20708,-4761,-428,0,0
1777182676.285968,1660,-1042,13152,11028,-14662,-4952,930,0,0
1777182676.3306916,1680,-1271,12132,13246,-8718,-3756,1188,0,0
1777182676.372174,1700,-772,11496,12359,-2479,-2353,1914,0,0
1777182676.413442,1720,-124,11200,11972,6909,1176,2827,0,0
1777182676.4578261,1740,-180,11989,12056,5162,-248,1100,0,0
1777182676.498903,1760,250,12606,11948,7124,-546,2110,0,0
1777182676.5399606,1780,14,13235,11224,3953,-616,3171,0,0
1777182676.584276,1800,602,13488,10482,1366,-33,2423,0,0
1777182676.6251152,1820,45,12998,11173,418,-391,2344,0,0
1777182676.666175,1840,-212,12593,11526,496,-659,1139,0,0
1777182676.710526,1860,575,13150,10719,-2927,537,-2203,0,0
1777182676.751766,1880,16,12338,11388,-800,-315,-1945,0,0
1777182676.792796,1900,996,12011,10991,826,1742,1649,0,0
1777182676.8372254,1920,1348,14267,10415,-330,2243,2224,0,0
1777182676.8784416,1940,400,11878,12028,5634,1022,2350,0,0
1777182676.919445,1960,-89,12626,11523,2887,141,-1222,0,0
1777182676.9636621,1980,598,13262,10525,-352,159,-2063,0,0
1777182677.0410168,2000,1399,13127,9916,6018,875,4277,0,0
1777182677.0825067,2020,1192,13841,9945,12780,-247,3514,0,0
1777182677.1271577,2040,1170,14648,8992,11826,-400,3206,0,0
1777182677.1685019,2060,1865,14057,7682,15166,809,255,0,0
1777182677.2096732,2080,1633,16243,5700,10027,-764,648,0,0
1777182677.2540784,2100,2114,15709,5716,11382,-815,-41,0,0
1777182677.2955086,2120,1777,16162,4012,13508,-576,-122,0,0
1777182677.3367426,2140,1728,16310,2816,10314,161,730,0,0
1777182677.3810608,2160,1876,16404,1978,7000,370,792,0,0
1777182677.4221573,2180,1975,16260,1585,1317,518,431,0,0
1777182677.4634504,2200,1999,16405,2171,5361,349,1530,0,0
1777182677.5074897,2220,2387,16183,590,3525,128,285,0,0
1777182677.548673,2240,2458,16394,1392,5024,365,1065,0,0
1777182677.589903,2260,2614,16253,331,14873,548,1573,0,0
1777182677.634837,2280,2583,15910,-1106,9250,-816,441,0,0
1777182677.6764767,2300,2540,16254,-3290,6858,461,358,0,0
1777182677.7184393,2320,2729,15865,-3724,8537,-1335,763,0,0
1777182677.7633727,2340,2787,15758,-4043,-7348,252,-474,0,0
1777182677.8051472,2360,2647,15797,-1927,-18760,-235,-9,0,0
1777182677.847084,2380,2843,16122,-102,-13774,-330,-358,0,0
1777182677.8918977,2400,2772,16078,1084,-19576,84,-676,0,0
1777182677.9334772,2420,2605,16146,1978,-20108,-209,-663,0,0
1777182677.9749522,2440,2584,15630,4981,-11343,829,-585,0,0
1777182678.0197663,2460,2414,15500,5318,-11860,2689,-571,0,0
1777182678.061544,2480,2773,15753,5883,-13876,1899,-1343,0,0
1777182678.1275034,2500,2350,14892,7466,-3612,819,-590,0,0
1777182678.172109,2520,2304,14657,7989,-3449,459,-1496,0,0
1777182678.2134519,2540,2246,14388,8259,-2281,300,-738,0,0
1777182678.2546296,2560,1936,14619,8554,-2743,362,-925,0,0
1777182678.2989151,2580,2100,14476,8456,-1605,274,-87,0,0
1777182678.339969,2600,2372,14478,8507,-2013,357,55,0,0
1777182678.3810766,2620,2169,14113,8805,-2009,-3,-245,0,0
1777182678.4256532,2640,2193,14061,8923,-4420,-116,-568,0,0
1777182678.4669952,2660,1646,13454,9841,-12498,1025,18,0,0
1777182678.5083568,2680,2921,13606,9791,-8275,1097,662,0,0
1777182678.5529597,2700,1968,12776,11057,-5310,790,-599,0,0
1777182678.5942125,2720,2157,12467,11461,-3328,70,244,0,0
1777182678.6356473,2740,2185,12323,11584,-1951,479,-357,0,0
1777182678.6800597,2760,2199,12602,11461,4587,354,-162,0,0
1777182678.721345,2780,2169,12941,10875,5143,573,162,0,0
1777182678.762632,2800,2091,13121,10851,5301,506,694,0,0
1777182678.8071508,2820,2024,13359,10326,8739,542,1121,0,0
1777182678.8482502,2840,2242,14098,9108,7177,775,580,0,0
1777182678.8897004,2860,2508,14259,9129,10999,714,4111,0,0
1777182678.9340138,2880,2857,14775,7895,8558,180,146,0,0
1777182678.9751139,2900,2641,15073,7123,11028,215,60,0,0
1777182679.0164688,2920,2773,14962,6659,8076,-438,-194,0,0
1777182679.0606704,2940,2973,15449,5629,7243,434,-79,0,0
1777182679.101855,2960,2767,15846,4643,4873,-341,268,0,0
1777182679.1429613,2980,2951,15962,4599,3308,240,271,0,0
1777182679.2234848,3000,2881,15798,4699,1663,68,248,0,0
1777182679.2645414,3020,3103,16121,3837,4227,98,223,0,0
1777182679.3059661,3040,2912,15997,3755,-2625,385,-524,0,0
1777182679.350305,3060,2776,15718,4780,-2339,255,-365,0,0
1777182679.3916318,3080,2781,15799,4683,-1431,436,-469,0,0
1777182679.4329052,3100,2662,15667,4848,-3580,543,-595,0,0
1777182679.4771745,3120,2837,15937,4817,1497,278,430,0,0
1777182679.5183487,3140,2815,15715,4866,-1108,611,305,0,0
1777182679.5596092,3160,2675,15347,5804,-2512,386,623,0,0
1777182679.6039495,3180,3245,15863,4765,-2923,108,938,0,0
1777182679.64515,3200,3103,15658,5704,-7931,245,365,0,0
1777182679.6864731,3220,2975,15180,6485,-8047,278,-459,0,0
1777182679.7311783,3240,3000,14678,7325,-11052,203,-1173,0,0
1777182679.7724738,3260,2881,14490,8546,-7560,175,-461,0,0
1777182679.8138034,3280,3029,14565,8331,-4798,366,-727,0,0
1777182679.8582983,3300,2747,14039,9336,-7780,434,-710,0,0
1777182679.8996289,3320,3145,13867,9393,-5795,631,-171,0,0
1777182679.9411466,3340,2781,13182,10248,-8643,992,-522,0,0
1777182679.9855943,3360,2781,13124,10842,-3956,297,-208,0,0
1777182680.0270064,3380,2625,12694,10941,-5478,798,-418,0,0
1777182680.068432,3400,2580,12570,11379,-3234,395,-301,0,0
1777182680.1130135,3420,2627,12284,11512,-3035,401,-542,0,0
1777182680.1541574,3440,2556,12254,11578,-1845,588,56,0,0
1777182680.195674,3460,2583,12100,11640,-2881,1099,-254,0,0
1777182680.2400134,3480,2609,11953,12182,1060,424,105,0,0
1777182680.3060677,3500,2443,11925,12214,4036,241,226,0,0
1777182680.347244,3520,2935,12725,10954,8204,348,279,0,0
1777182680.3917952,3540,2715,13299,10514,7741,266,1325,0,0
1777182680.4330015,3560,2921,13505,9662,7362,108,517,0,0
1777182680.4739316,3580,2761,13729,9441,7186,93,326,0,0
1777182680.517853,3600,3211,14423,8307,5958,8,-53,0,0
1777182680.5589483,3620,2455,14474,8486,4914,414,186,0,0
1777182680.600059,3640,3064,14438,8002,4334,-63,233,0,0
1777182680.6445146,3660,3237,14886,7346,5742,-106,1425,0,0
1777182680.6856558,3680,3294,15128,6750,7967,-31,556,0,0
1777182680.7270403,3700,3181,14863,6753,10552,-338,517,0,0
1777182680.7715154,3720,3451,15788,4325,10357,-159,310,0,0
1777182680.8126965,3740,3077,15156,5372,5995,-195,27,0,0
1777182680.854099,3760,3154,15292,4307,10185,-349,133,0,0
1777182680.8988426,3780,4024,16465,935,13808,-406,316,0,0
1777182680.9410934,3800,3900,14561,4134,-18436,-388,-2023,0,0
1777182680.9824438,3820,3496,15724,3965,-3077,283,-955,0,0
1777182681.0269578,3840,3525,15857,3468,-1165,685,-525,0,0
1777182681.0684307,3860,3744,15837,3522,-3264,244,-1189,0,0
1777182681.109809,3880,3483,16050,3588,-2242,369,-950,0,0
1777182681.1545138,3900,3528,15895,3916,-7598,478,-1354,0,0
1777182681.1960497,3920,2891,15210,5524,-8285,-266,-1423,0,0
1777182681.2373505,3940,3196,15717,5244,-1665,311,-327,0,0
1777182681.2817898,3960,3243,15522,5261,-4224,423,-841,0,0
1777182681.3231416,3980,3143,15343,6085,-2289,-227,631,0,0
1777182681.4006705,4000,2728,15170,6630,-81,-60,-1399,0,0
1777182681.445152,4020,2862,14876,6870,2427,-511,-648,0,0
1777182681.4866927,4040,3141,15374,5419,5141,-288,-1869,0,0
1777182681.5281508,4060,3087,15236,5318,3799,-1397,-984,0,0
1777182681.572513,4080,2290,15715,5417,7799,-801,-60,0,0
1777182681.6139834,4100,3145,16044,3927,7238,-1382,-651,0,0
1777182681.6554942,4120,2338,15841,3528,5721,-1788,-332,0,0
1777182681.699857,4140,2919,16103,2972,3204,-1924,46,0,0
1777182681.7410693,4160,2943,16119,2771,377,-1574,224,0,0
1777182681.782533,4180,2877,16279,2526,-2333,-1589,-124,0,0
1777182681.827209,4200,3190,15796,3159,-5374,-1274,752,0,0
1777182681.8681571,4220,2869,16191,3140,-97,-1075,11,0,0
1777182681.909528,4240,3298,15964,2918,-2299,-330,-287,0,0
1777182681.9538794,4260,3244,15872,3410,-5686,-589,12,0,0
1777182681.9951532,4280,3275,15845,4058,-1767,-235,111,0,0
1777182682.0361402,4300,3351,16030,3924,143,22,-764,0,0
1777182682.080489,4320,3282,15877,3736,-461,466,-758,0,0
1777182682.1215327,4340,3257,15897,3856,1780,931,-21,0,0
1777182682.163066,4360,3077,15853,3658,-1074,1039,-593,0,0
1777182682.2076435,4380,2872,15975,3942,-1701,1478,-521,0,0
1777182682.249024,4400,3088,15764,3968,-5534,1479,153,0,0
1777182682.2905464,4420,3128,15513,5036,-10671,1382,405,0,0
1777182682.3350835,4440,3200,15397,5736,-8708,2110,423,0,0
1777182682.3762975,4460,2802,15102,6994,-7966,1658,39,0,0
1777182682.4177036,4480,3370,14829,7208,-5849,2092,567,0,0
1777182682.486873,4500,2987,14356,8694,-5299,1717,84,0,0
1777182682.5281005,4520,3302,14402,8350,-2901,540,312,0,0
1777182682.5694675,4540,2992,14130,8708,-4540,368,-635,0,0
1777182682.613734,4560,3092,14027,9128,-2519,200,295,0,0
1777182682.6550589,4580,3030,13823,9189,-2673,261,-882,0,0
1777182682.6964445,4600,2917,13657,9588,-4163,512,-626,0,0
1777182682.7404249,4620,3104,13683,9644,-1512,457,3,0,0
1777182682.781707,4640,3012,13550,9723,-1824,656,-444,0,0
1777182682.8229103,4660,2919,13489,10025,-2033,602,19,0,0
1777182682.86697,4680,3050,13399,10131,-97,486,-20,0,0
1777182682.9079196,4700,2897,13345,10227,3487,220,3,0,0
1777182682.9488752,4720,2300,13969,9569,7851,26,448,0,0
1777182682.9934247,4740,2965,14293,8688,11038,-247,722,0,0
1777182683.0347285,4760,3216,14432,7916,12470,-154,153,0,0
1777182683.062071,4780,3177,15088,6775,13646,-113,782,0,0
1777182683.1063037,4800,3203,15387,5608,9822,-72,317,0,0
1777182683.147306,4820,3308,15560,4886,4818,92,544,0,0
1777182683.1884224,4840,3339,15603,4962,5617,155,441,0,0
1777182683.2325559,4860,3190,15760,4220,3998,290,44,0,0
1777182683.2739038,4880,3275,15819,3968,-2431,338,-350,0,0
1777182683.3152075,4900,3409,15860,4310,-7930,381,-276,0,0
1777182683.3598444,4920,2934,15199,6295,-11084,250,-690,0,0
1777182683.4011674,4940,3286,15133,6487,-9483,495,-451,0,0
1777182683.4425213,4960,3111,14840,7268,-7786,590,-741,0,0
1777182683.4871564,4980,3171,14629,7894,-6828,674,-1033,0,0
1777182683.5650682,5000,3169,14194,8912,-7962,748,-1561,0,0
1777182683.6065185,5020,2668,13416,9780,-7635,935,-1163,0,0
1777182683.6512291,5040,3267,13193,10015,-8539,753,-1897,0,0
1777182683.6926675,5060,2614,12646,11171,-6297,441,-821,0,0
1777182683.7340941,5080,2707,12704,11033,-2232,523,-879,0,0
1777182683.7786834,5100,2501,12504,11356,-3348,620,-690,0,0
1777182683.8200476,5120,2561,12391,11435,-1558,466,-384,0,0
1777182683.8612366,5140,2522,12368,11535,286,551,-211,0,0
1777182683.9055583,5160,2541,12471,11360,2084,331,-76,0,0
1777182683.9467432,5180,2496,12637,11258,4046,367,135,0,0
1777182683.9881096,5200,2596,13065,10751,6904,936,-425,0,0
1777182684.032515,5220,2621,13458,10063,8242,450,545,0,0
1777182684.0736885,5240,2731,13900,9381,9398,838,762,0,0
1777182684.1148562,5260,2606,14255,8528,7527,715,352,0,0
1777182684.1591606,5280,2848,14492,8172,5725,-683,-53,0,0
1777182684.2006316,5300,2552,14352,8227,8826,-1228,-950,0,0
1777182684.2421029,5320,3785,15041,6023,13373,370,-1288,0,0
1777182684.2867024,5340,3025,15914,4191,20429,444,2736,0,0
1777182684.3282585,5360,2176,15740,3487,15150,-813,1333,0,0
1777182684.3694189,5380,2761,16229,1938,5622,406,545,0,0
1777182684.4133015,5400,3129,16290,1633,1465,-1,-1,0,0
1777182684.4544935,5420,2769,16128,2441,-3758,327,197,0,0
1777182684.4957757,5440,2983,16231,2316,-4192,429,-111,0,0
1777182684.5405211,5460,2886,16019,3102,-10204,696,-971,0,0
1777182684.5820122,5480,3040,15957,4010,-10929,100,-1620,0,0
1777182684.6480775,5500,2809,15752,5314,-4957,334,-647,0,0
1777182684.6928363,5520,2105,15310,7061,-8889,-817,-1805,0,0
1777182684.7342978,5540,2532,15402,6243,-8494,-257,-834,0,0
1777182684.7759047,5560,2615,14810,7174,-10630,546,-1137,0,0
1777182684.820482,5580,2807,14094,8844,-12851,1234,-62,0,0
1777182684.8617792,5600,2825,14150,9116,-7288,390,-164,0,0
1777182684.9031177,5620,2405,13687,9834,-4944,608,-624,0,0
1777182684.9476619,5640,2259,13496,10190,-6719,202,-878,0,0
1777182684.988838,5660,2375,13387,10624,-3203,754,23,0,0
1777182685.0299745,5680,2381,13097,10702,-373,779,101,0,0
1777182685.0744174,5700,2478,13396,10620,2993,634,795,0,0
1777182685.1156461,5720,2707,13362,10261,3903,999,640,0,0
1777182685.1570375,5740,2084,13513,10113,10402,747,996,0,0
1777182685.2014163,5760,2671,14260,8900,9953,948,512,0,0
1777182685.2425964,5780,2509,14142,8691,10870,307,969,0,0
1777182685.2838948,5800,2456,15876,6472,12886,276,629,0,0
1777182685.3283236,5820,2732,15181,5433,11531,240,440,0,0
1777182685.369537,5840,2813,16108,4258,17378,112,427,0,0
1777182685.4109087,5860,2654,15851,3683,9849,780,1109,0,0
1777182685.4552784,5880,3017,16135,2452,-1168,554,-251,0,0
1777182685.4964871,5900,3031,16282,2636,-9889,889,19,0,0
1777182685.5377913,5920,2606,15720,5035,-9590,-188,-438,0,0
1777182685.5822866,5940,2885,15468,5324,-9551,655,-732,0,0
1777182685.6238067,5960,2801,15416,5960,-7544,1135,-626,0,0
1777182685.6652992,5980,2813,15009,6876,-9164,841,-1101,0,0
1777182685.746631,6000,1311,14043,10594,-25798,700,-3404,0,0
1777182685.788272,6020,3649,9832,11017,-32183,5476,-446,0,0
1777182685.8299963,6040,2645,11676,11847,-6422,3684,-1241,0,0
1777182685.8747447,6060,1743,10700,13786,-5531,393,-1131,0,0
1777182685.9159455,6080,1898,10916,13596,640,500,-334,0,0
1777182685.957189,6100,1887,10497,13454,2999,503,674,0,0
1777182686.0018528,6120,1907,11162,13106,3430,-413,1188,0,0
1777182686.0430243,6140,1867,11059,12928,4297,14,1315,0,0
1777182686.084414,6160,2307,11562,12483,3289,267,1040,0,0
1777182686.1288896,6180,2116,11496,12394,4314,322,1292,0,0
1777182686.1702454,6200,2076,12381,11808,6008,473,1045,0,0
1777182686.2114973,6220,2500,12375,11424,5135,767,472,0,0
1777182686.2559602,6240,2238,12892,11184,3772,700,-165,0,0
1777182686.2974534,6260,2347,13209,10754,6987,-138,1542,0,0
1777182686.338695,6280,2344,14419,10183,8362,122,531,0,0
1777182686.3835707,6300,4910,10809,12444,12748,-2385,-151,0,0
1777182686.4248972,6320,2749,14593,7755,13797,75,1113,0,0
1777182686.4665132,6340,3230,15096,7005,17365,-4005,-452,0,0
1777182686.511278,6360,3246,15496,5490,17759,-1496,1177,0,0
1777182686.5527081,6380,2720,16009,3486,12831,-861,406,0,0
1777182686.5942538,6400,3595,15921,2970,563,-1237,-88,0,0
1777182686.6390026,6420,3502,15809,4018,-1652,-1082,-266,0,0
1777182686.6802444,6440,3268,16174,2731,1882,-383,-253,0,0
1777182686.7215686,6460,3128,15983,2820,-2962,166,-702,0,0
1777182686.7661297,6480,3255,15944,3498,-11121,303,-111,0,0
1777182686.8321004,6500,3052,15765,5478,-3989,992,690,0,0
1777182686.8735225,6520,3192,15447,5418,-8022,1431,391,0,0
1777182686.9180443,6540,3416,15280,6487,-6154,1193,549,0,0
1777182686.959457,6560,3733,15053,6875,-3005,821,1357,0,0
1777182687.000937,6580,3079,15117,6999,-1158,1083,1691,0,0
1777182687.045813,6600,4778,13115,6733,-9599,-1398,-22187,0,0
1777182687.0874248,6620,1711,15362,7690,3262,-1027,-1775,0,0
1777182687.1289766,6640,1079,14746,7180,-2495,-388,-1141,0,0
1777182687.1734166,6660,1427,15099,6924,1799,94,-3448,0,0
1777182687.2148476,6680,1752,15095,6855,-901,1201,-2109,0,0
1777182687.2562256,6700,1630,15258,7034,1685,960,-1400,0,0
1777182687.300801,6720,1161,16006,6777,956,1066,-2125,0,0
1777182687.3420033,6740,784,6515,4909,7618,1271,-13597,0,0
1777182687.3834608,6760,-845,16621,4381,-3147,1030,-1137,0,0
1777182687.4274137,6780,-691,15433,6412,1549,687,-23,0,0
1777182687.4682112,6800,-634,15766,5418,-92,704,-397,0,0
1777182687.5093937,6820,-707,15275,6648,-4150,419,-826,0,0
1777182687.5534112,6840,-726,15435,6165,1443,272,-59,0,0
1777182687.5942433,6860,-651,15530,5978,893,533,-505,0,0
1777182687.6353927,6880,-734,15478,6188,-1085,260,-378,0,0
1777182687.679332,6900,-799,15349,6454,255,357,-177,0,0
1777182687.7202785,6920,-775,15556,5962,526,369,-395,0,0
1777182687.7613056,6940,-797,15455,6182,-933,289,-303,0,0
1777182687.8053193,6960,-823,15370,6389,-206,320,-196,0,0
1777182687.8461235,6980,-781,15450,6176,433,337,-237,0,0
1777182687.923224,7000,-832,15367,6302,-162,292,-210,0,0
1777182687.9672446,7020,-793,15462,6185,355,329,-250,0,0
1777182688.0082242,7040,-835,15428,6202,-383,313,-264,0,0
1777182688.0491464,7060,-853,15455,6245,-289,303,-215,0,0
1777182688.0928888,7080,-834,15446,6169,9,341,-293,0,0
1777182688.1338384,7100,-869,15475,6212,-259,303,-236,0,0
1777182688.1747513,7120,-854,15432,6246,-259,285,-226,0,0
1777182688.2186005,7140,-834,15445,6219,37,314,-268,0,0
1777182688.2594676,7160,-874,15444,6203,-66,311,-225,0,0
1777182688.3004153,7180,-903,15453,6206,-203,306,-210,0,0
1777182688.3444057,7200,-896,15439,6214,-39,303,-211,0,0
1777182688.3853083,7220,-913,15455,6208,-157,318,-235,0,0
1777182688.4261844,7240,-887,15423,6211,-213,294,-216,0,0
1777182688.4702802,7260,-912,15461,6210,-134,293,-230,0,0
1777182688.5110836,7280,-898,15431,6212,-76,302,-239,0,0
1777182688.5519857,7300,-912,15421,6205,-160,285,-220,0,0
1777182688.5959795,7320,-888,15426,6230,-95,296,-203,0,0
1777182688.6367328,7340,-878,15448,6173,-56,294,-210,0,0
1777182688.677691,7360,-891,15416,6173,-171,313,-237,0,0
1777182688.7217531,7380,-919,15448,6234,-154,296,-213,0,0
1777182688.762608,7400,-906,15449,6217,-98,310,-216,0,0
1777182688.8035283,7420,-902,15431,6258,-183,298,-230,0,0
1777182688.8475964,7440,-892,15410,6205,-136,281,-205,0,0
1777182688.8884058,7460,-927,15440,6198,-68,298,-203,0,0
1777182688.9294305,7480,-900,15443,6205,-141,296,-217,0,0
1777182688.997865,7500,-943,15413,6201,-90,302,-192,0,0
1777182689.038849,7520,-934,15450,6155,-142,294,-213,0,0
1777182689.079731,7540,-921,15429,6228,-168,295,-217,0,0
1777182689.1237433,7560,-914,15444,6201,-96,301,-196,0,0
1777182689.1647131,7580,-936,15435,6188,-122,298,-200,0,0
1777182689.2056057,7600,-937,15421,6181,-176,298,-204,0,0
1777182689.235942,7620,-961,15397,6212,-113,315,-193,0,0
1777182689.2768848,7640,-986,15442,6177,-101,293,-205,0,0
1777182689.317825,7660,-973,15432,6187,-175,307,-210,0,0
1777182689.3619113,7680,-947,15420,6217,-109,284,-188,0,0
1777182689.4029715,7700,-958,15469,6168,-111,291,-206,0,0
1777182689.4437747,7720,-965,15437,6193,-171,294,-206,0,0
1777182689.4878726,7740,-949,15416,6168,-100,296,-190,0,0
1777182689.5288024,7760,-988,15431,6177,-107,297,-198,0,0
1777182689.5697536,7780,-933,15447,6151,-159,294,-200,0,0
1777182689.6138532,7800,-981,15431,6214,-113,300,-203,0,0
1777182689.6546264,7820,-963,15464,6159,-90,302,-188,0,0
1777182689.6955793,7840,-987,15464,6192,-175,295,-199,0,0
1777182689.7397096,7860,-956,15469,6143,-114,296,-190,0,0
1777182689.7805226,7880,-992,15460,6191,-77,300,-194,0,0
1777182689.821404,7900,-946,15424,6155,-193,288,-186,0,0
1777182689.8654935,7920,-997,15420,6150,-110,293,-178,0,0
1777182689.9062953,7940,-970,15448,6170,-86,285,-203,0,0
1777182689.9472337,7960,-958,15402,6234,-184,273,-192,0,0
1777182689.9912229,7980,-985,15434,6190,-96,293,-178,0,0
1777182690.0684388,8000,-953,15443,6184,-186,278,-201,0,0
1777182690.1094182,8020,-963,15440,6201,-119,276,-202,0,0
1777182690.1533298,8040,-968,15432,6143,-91,280,-192,0,0
1777182690.1944041,8060,-1030,15445,6211,-172,295,-196,0,0
1777182690.235358,8080,-961,15442,6201,-120,307,-195,0,0
1777182690.2792563,8100,-998,15426,6132,-96,289,-191,0,0
1777182690.320305,8120,-1019,15469,6203,-175,300,-187,0,0
1777182690.361295,8140,-989,15441,6184,-130,284,-193,0,0
1777182690.4053068,8160,-1013,15450,6109,-83,293,-182,0,0
1777182690.4463081,8180,-974,15444,6172,-174,287,-194,0,0
1777182690.4871864,8200,-988,15433,6173,-134,286,-188,0,0
1777182690.531233,8220,-1005,15465,6151,-80,293,-183,0,0
1777182690.572279,8240,-1007,15432,6200,-178,284,-202,0,0
1777182690.6133223,8260,-1004,15453,6144,-124,281,-193,0,0
1777182690.6574855,8280,-1023,15418,6124,-91,306,-178,0,0
1777182690.6984046,8300,-998,15439,6180,-180,288,-202,0,0
1777182690.7393987,8320,-1005,15449,6156,-121,283,-201,0,0
1777182690.7834644,8340,-1021,15470,6127,-83,290,-195,0,0
1777182690.824553,8360,-1005,15426,6091,-180,298,-197,0,0
1777182690.8654444,8380,-976,15430,6121,-124,269,-206,0,0
1777182690.909537,8400,-1002,15454,6092,-92,264,-181,0,0
1777182690.9505808,8420,-1037,15440,6173,-172,280,-186,0,0
1777182690.9915013,8440,-991,15474,6148,-127,290,-193,0,0
1777182691.0354958,8460,-987,15441,6156,-97,288,-195,0,0
1777182691.0765526,8480,-1009,15437,6097,-172,278,-174,0,0
1777182691.1421394,8500,-1008,15482,6175,-84,290,-190,0,0
1777182691.1863058,8520,-1029,15450,6154,-152,309,-188,0,0
1777182691.2273986,8540,-1020,15425,6172,-139,288,-195,0,0
1777182691.2682872,8560,-1042,15446,6117,-86,300,-189,0,0
1777182691.3124893,8580,-1000,15438,6138,-146,280,-199,0,0
1777182691.353544,8600,-1006,15433,6151,-148,278,-189,0,0
1777182691.394458,8620,-1005,15459,6157,-76,291,-184,0,0
1777182691.4387257,8640,-1022,15482,6087,-144,283,-188,0,0
1777182691.4797292,8660,-1007,15449,6123,-137,276,-187,0,0
1777182691.5206807,8680,-1018,15454,6116,-91,285,-196,0,0
1777182691.564899,8700,-1020,15448,6115,-150,297,-185,0,0
1777182691.6059206,8720,-1034,15446,6162,-149,282,-188,0,0
1777182691.6469696,8740,-1012,15466,6138,-100,289,-181,0,0
1777182691.6912148,8760,-1009,15496,6112,-156,277,-192,0,0
1777182691.7322218,8780,-1031,15465,6150,-130,280,-195,0,0
1777182691.7732966,8800,-1054,15453,6138,-115,290,-192,0,0
1777182691.8175018,8820,-1035,15419,6116,-128,282,-194,0,0
1777182691.8585258,8840,-1016,15456,6170,-140,272,-178,0,0
1777182691.899572,8860,-1036,15483,6140,-112,286,-182,0,0
1777182691.94382,8880,-1045,15430,6153,-139,275,-174,0,0
1777182691.9849052,8900,-1026,15447,6116,-123,283,-170,0,0
1777182692.0258856,8920,-1020,15420,6111,-136,285,-170,0,0
1777182692.0701017,8940,-1041,15457,6051,-116,296,-181,0,0
1777182692.1111465,8960,-1046,15457,6177,-120,275,-193,0,0
1777182692.1521924,8980,-1035,15469,6143,-145,283,-178,0,0
1777182692.2325222,9000,-987,15464,6089,-126,270,-185,0,0
1777182692.2735462,9020,-1060,15451,6119,-148,287,-191,0,0
1777182692.3146088,9040,-1051,15444,6094,-120,277,-187,0,0
1777182692.3587034,9060,-1041,15501,6137,-98,297,-183,0,0
1777182692.3997624,9080,-1065,15464,6110,-164,293,-189,0,0
1777182692.4408176,9100,-1030,15442,6098,-117,282,-171,0,0
1777182692.4850328,9120,-1053,15440,6088,-135,281,-180,0,0
1777182692.5260847,9140,-1023,15467,6101,-160,305,-175,0,0
1777182692.5671213,9160,-1047,15451,6179,-114,292,-183,0,0
1777182692.6113944,9180,-1050,15430,6104,-122,293,-186,0,0
1777182692.6523943,9200,-1058,15451,6113,-160,286,-182,0,0
1777182692.6920605,9220,-1091,-1,-1,-1,-1,-1,0,0
1777182692.7361476,9240,-1026,15438,6120,-117,277,-184,0,0
1777182692.7772167,9260,-1068,15452,6102,-149,286,-181,0,0
1777182692.8182614,9280,-1053,15460,6136,-128,293,-188,0,0
1777182692.8624847,9300,-1070,15413,6096,-136,283,-193,0,0
1777182692.9035897,9320,-1029,15459,6174,-151,293,-197,0,0
1777182692.9445913,9340,-1054,15466,6117,-115,279,-167,0,0
1777182692.988789,9360,-1052,15464,6101,-136,276,-182,0,0
1777182693.029915,9380,-1043,15434,6098,-146,291,-188,0,0
1777182693.0709543,9400,-1097,15441,6119,-125,276,-177,0,0
1777182693.1151247,9420,-1060,15470,6047,-134,276,-181,0,0
1777182693.156194,9440,-1062,15456,6099,-155,282,-193,0,0
1777182693.197261,9460,-1019,15457,6111,-108,283,-187,0,0
1777182693.2415378,9480,-1065,15462,6071,-134,281,-197,0,0
1777182693.3072429,9500,-1037,15472,6123,-134,284,-181,0,0
1777182693.3483136,9520,-1042,15457,6102,-117,295,-179,0,0
1777182693.3924866,9540,-1030,15435,6066,-149,284,-176,0,0
1777182693.4336874,9560,-1051,15473,6072,-132,297,-190,0,0
1777182693.4746463,9580,-1073,15447,6139,-125,284,-182,0,0
1777182693.5188859,9600,-1052,15462,6061,-156,288,-197,0,0
1777182693.5598977,9620,-1058,15477,6106,-130,287,-186,0,0
1777182693.600944,9640,-1085,15457,6114,-127,293,-179,0,0
1777182693.6452277,9660,-1076,15462,6086,-147,298,-189,0,0
1777182693.6862388,9680,-1063,15464,6061,-146,287,-178,0,0
1777182693.727386,9700,-1036,15455,6067,-127,287,-196,0,0
1777182693.7715242,9720,-1067,15457,6133,-143,285,-186,0,0
1777182693.8125823,9740,-1090,15478,6135,-136,292,-185,0,0
1777182693.853658,9760,-1058,15441,6085,-121,278,-190,0,0
1777182693.897872,9780,-1078,15425,6124,-149,284,-186,0,0
1777182693.9389791,9800,-1018,15419,6072,-130,273,-197,0,0
1777182693.9800053,9820,-1036,15448,6127,-128,296,-184,0,0
1777182694.024195,9840,-1070,15464,6139,-144,277,-200,0,0
1777182694.0653052,9860,-1069,15442,6061,-118,291,-193,0,0
1777182694.1064112,9880,-1049,15435,6075,-115,299,-181,0,0
1777182694.1505446,9900,-1069,15465,6067,-162,289,-187,0,0
1777182694.1916132,9920,-1075,15428,6116,-144,284,-178,0,0
1777182694.2326617,9940,-1088,15448,6071,-127,288,-170,0,0
1777182694.2769096,9960,-1073,15456,6086,-149,290,-176,0,0
1777182694.3180144,9980,-1069,15498,6089,-130,286,-188,0,0
1777182694.3954217,10000,-1053,15414,6043,-151,283,-177,0,0
1777182694.439715,10020,-1112,15464,6081,-122,281,-183,0,0
1777182694.4808862,10040,-1087,15461,6090,-133,276,-179,0,0
1777182694.5220375,10060,-1083,15454,6052,-150,288,-185,0,0
1777182694.56639,10080,-1138,15449,6130,-137,293,-192,0,0
1777182694.607599,10100,-1059,15437,6061,-124,302,-178,0,0
1777182694.648745,10120,-1084,15467,6094,-131,282,-174,0,0
1777182694.693073,10140,-1088,15452,6114,-133,284,-189,0,0
1777182694.734292,10160,-1081,15446,6105,-130,288,-177,0,0
1777182694.7755563,10180,-1080,15473,6069,-145,305,-198,0,0
1777182694.8197854,10200,-1089,15456,6060,-122,289,-189,0,0
1777182694.8609655,10220,-1057,15511,6101,-130,300,-181,0,0
1777182694.9021337,10240,-1084,15478,6072,-158,278,-170,0,0
1777182694.946478,10260,-1094,15465,6064,-129,299,-195,0,0
1777182694.9876988,10280,-1060,15451,6090,-131,304,-171,0,0
1777182695.0288541,10300,-1073,15456,6115,-145,288,-172,0,0
1777182695.0733175,10320,-1085,15457,6102,-136,286,-185,0,0
1777182695.1144032,10340,-1078,15449,6092,-138,280,-164,0,0
1777182695.1555333,10360,-1105,15440,6080,-147,274,-175,0,0
1777182695.1998959,10380,-1086,15449,6108,-133,286,-181,0,0
1777182695.2410865,10400,-1081,15458,6109,-123,296,-175,0,0
1777182695.2822576,10420,-1097,15460,6094,-141,278,-187,0,0
1777182695.3266027,10440,-1066,15483,6125,-138,289,-189,0,0
1777182695.3677855,10460,-1061,15460,6048,-122,278,-178,0,0
1777182695.4090278,10480,-1070,15430,6109,-132,286,-187,0,0
1777182695.4781444,10500,-1074,15441,6150,-138,292,-182,0,0
1777182695.5194442,10520,-1060,15469,6073,-135,281,-188,0,0
1777182695.5605602,10540,-1089,15474,6053,-131,293,-175,0,0
1777182695.6048539,10560,-1091,15507,6050,-133,297,-186,0,0
1777182695.6460423,10580,-1058,15484,6134,-131,282,-187,0,0
1777182695.6872168,10600,-1104,15475,6109,-136,284,-180,0,0
1777182695.7315605,10620,-1070,15440,6041,-128,288,-189,0,0
1777182695.7729037,10640,-1071,15470,6038,-135,289,-181,0,0
1777182695.8140938,10660,-1093,15499,6050,-142,295,-183,0,0
1777182695.8583076,10680,-1082,15477,6057,-124,287,-182,0,0
1777182695.8995564,10700,-1073,15469,6068,-136,273,-187,0,0
1777182695.9407008,10720,-1089,15470,6067,-142,292,-189,0,0
1777182695.9850276,10740,-1061,15439,6044,-128,285,-175,0,0
1777182696.026171,10760,-1063,15424,6046,-145,282,-183,0,0
1777182696.0673838,10780,-1052,15476,6068,-130,290,-185,0,0
1777182696.1117291,10800,-1074,15471,6051,-128,291,-178,0,0
1777182696.152898,10820,-1061,15460,6071,-134,287,-170,0,0
1777182696.1940832,10840,-1065,15513,5999,-134,287,-187,0,0
1777182696.2384963,10860,-1111,15445,6050,-143,293,-179,0,0
1777182696.2796116,10880,-1084,15470,6087,-133,284,-174,0,0
1777182696.3207903,10900,-1091,15455,6006,-123,292,-186,0,0
1777182696.3651397,10920,-1104,15458,6071,-135,284,-179,0,0
1777182696.4064293,10940,-1096,15478,6034,-142,282,-175,0,0
1777182696.4475145,10960,-1074,15433,6043,-134,279,-178,0,0
1777182696.4918993,10980,-1109,15465,6048,-134,298,-186,0,0
1777182696.5695815,11000,-1085,15464,6066,-133,283,-181,0,0
1777182696.6107202,11020,-1098,15481,6078,-130,288,-186,0,0
1777182696.6550598,11040,-1062,15459,6032,-130,287,-184,0,0
1777182696.696235,11060,-1110,15469,6043,-143,274,-189,0,0
1777182696.7374377,11080,-1092,15441,6112,-137,293,-185,0,0
1777182696.7818182,11100,-1083,15482,6070,-123,284,-180,0,0
1777182696.8230164,11120,-1066,15463,6075,-136,281,-178,0,0
1777182696.8641677,11140,-1046,15440,6080,-134,282,-177,0,0
1777182696.908513,11160,-1065,15459,6010,-140,282,-178,0,0
1777182696.9497972,11180,-1129,15456,6074,-124,284,-180,0,0
1777182696.9908788,11200,-1098,15470,6068,-139,293,-189,0,0
1777182697.035236,11220,-1067,15465,6085,-137,282,-190,0,0
1777182697.0764198,11240,-1088,15431,6014,-118,281,-187,0,0
1777182697.1175933,11260,-1093,15494,6050,-137,292,-168,0,0
1777182697.1619449,11280,-1069,15462,6045,-122,290,-177,0,0
1777182697.2031271,11300,-1095,15490,6046,-122,301,-195,0,0
1777182697.2445204,11320,-1065,15505,6049,-141,289,-184,0,0
1777182697.2886777,11340,-1065,15439,6093,-132,295,-185,0,0
1777182697.3298528,11360,-1106,15472,6037,-128,287,-171,0,0
1777182697.3710957,11380,-1104,15454,6061,-144,287,-197,0,0
1777182697.4154518,11400,-1076,15464,6011,-135,277,-186,0,0
1777182697.4565594,11420,-1078,15447,6037,-140,282,-174,0,0
1777182697.4978015,11440,-1098,15453,6035,-129,298,-178,0,0
1777182697.5420902,11460,-1089,15451,6064,-143,277,-192,0,0
1777182697.5833135,11480,-1112,15462,6029,-147,283,-180,0,0
1777182697.6492214,11500,-1086,15480,6053,-138,287,-192,0,0
1777182697.6935618,11520,-1081,15452,6049,-163,280,-179,0,0
1777182697.7347722,11540,-1141,15373,6158,-295,293,-194,0,0
1777182697.7757847,11560,-974,15572,6001,283,311,-112,0,0
1777182697.8200786,11580,-1228,15389,5896,-210,295,-210,0,0
1777182697.8611662,11600,-994,15437,6328,-601,277,-237,0,0
1777182697.9022925,11620,-1144,15475,5933,273,365,-126,0,0
1777182697.9465528,11640,-1125,15499,5870,144,267,-172,0,0
1777182697.9878664,11660,-1092,15445,6297,-1068,261,-250,0,0
1777182698.028984,11680,-1141,15423,6038,725,373,-104,0,0
1777182698.0734246,11700,-1078,15600,5760,-173,223,-199,0,0
1777182698.1145926,11720,-1129,15329,6218,-929,204,-285,0,0
1777182698.1557038,11740,-1024,15446,6238,204,306,-131,0,0
1777182698.1999655,11760,-1138,15482,5806,175,335,-125,0,0
1777182698.241189,11780,-1035,15477,6211,-908,234,-259,0,0
1777182698.282302,11800,-1103,15426,6242,199,335,-140,0,0
1777182698.3264527,11820,-1067,15551,5862,41,288,-147,0,0
1777182698.367681,11840,-1116,15427,6109,-747,251,-247,0,0
1777182698.4088051,11860,-1099,15430,6134,147,304,-154,0,0
1777182698.487708,11900,-1128,15415,6105,-528,254,-224,0,0
1777182698.528654,11920,-1069,15481,6131,60,315,-153,0,0
1777182698.572904,11940,-1125,15431,5914,-76,292,-170,0,0
1777182698.6141217,11960,-1071,15497,6078,-512,277,-212,0,0
1777182698.6551716,11980,-1113,15434,6049,145,321,-163,0,0
1777182698.7359521,12000,-1150,15490,6019,-317,269,-218,0,0
1777182698.777038,12020,-1060,15449,6112,-12,266,-178,0,0
1777182698.8180304,12040,-1114,15456,5981,-87,298,-173,0,0
1777182698.862457,12060,-1075,15448,6095,-344,279,-205,0,0
1777182698.9033816,12080,-1123,15428,6038,57,302,-128,0,0
1777182698.9445522,12100,-1099,15455,5912,-136,296,-172,0,0
1777182698.9889216,12120,-1114,15438,6087,-349,267,-213,0,0
1777182699.0300102,12140,-1089,15427,6052,185,295,-155,0,0
1777182699.0712125,12160,-1137,15483,5901,-215,272,-199,0,0
1777182699.1155577,12180,-1043,15443,6127,-319,259,-210,0,0
1777182699.1565251,12200,-1081,15472,6090,48,313,-135,0,0
1777182699.1976008,12220,-1101,15528,5976,-65,286,-177,0,0
1777182699.2419279,12240,-1043,15475,6150,-368,245,-217,0,0
1777182699.283041,12260,-1123,15435,6035,103,332,-145,0,0
1777182699.3242166,12280,-1055,15509,5986,-182,264,-189,0,0
1777182699.3685732,12300,-1144,15474,6145,-255,294,-215,0,0
1777182699.4096081,12320,-1082,15471,6027,-50,303,-168,0,0
1777182699.4507833,12340,-1092,15460,5972,-110,283,-178,0,0
1777182699.4951406,12360,-1102,15456,6082,-205,278,-196,0,0
1777182699.536182,12380,-1105,15451,6059,-20,310,-150,0,0
1777182699.5774183,12400,-1107,15465,5994,-221,269,-205,0,0
1777182699.6217072,12420,-1125,15448,6069,-188,280,-192,0,0
1777182699.6627648,12440,-1117,15483,5999,-66,281,-152,0,0
1777182699.7039418,12460,-1095,15416,6005,-171,281,-187,0,0
1777182699.7483008,12480,-1116,15471,6066,-126,319,-173,0,0
1777182699.8142695,12500,-1089,15418,6055,-180,277,-207,0,0
1777182699.8555057,12520,-1088,15451,6048,-186,272,-184,0,0
1777182699.899655,12540,-1107,15503,5991,-28,293,-160,0,0
1777182699.9408274,12560,-1139,15476,6012,-188,266,-190,0,0
1777182699.9820228,12580,-1120,15435,6026,-179,273,-182,0,0
1777182700.026215,12600,-1108,15499,6024,-82,299,-162,0,0
1777182700.067468,12620,-1098,15465,6003,-165,271,-185,0,0
1777182700.108644,12640,-1154,15455,6090,-172,269,-196,0,0
1777182700.1529217,12660,-1087,15477,6081,-120,288,-170,0,0
1777182700.1941082,12680,-1093,15468,6043,-149,294,-181,0,0
1777182700.2352757,12700,-1130,15479,6057,-118,288,-165,0,0
1777182700.2796133,12720,-1123,15494,6067,-155,272,-182,0,0
1777182700.3208022,12740,-1120,15463,6063,-155,300,-192,0,0
1777182700.3618534,12760,-1111,15485,6024,-95,304,-164,0,0
1777182700.4061885,12780,-1139,15481,6054,-150,285,-191,0,0
1777182700.4473765,12800,-1109,15454,6120,-193,265,-191,0,0
1777182700.4884112,12820,-1074,15485,6008,-50,296,-156,0,0
1777182700.5327675,12840,-1090,15437,6022,-182,262,-207,0,0
1777182700.5739014,12860,-1129,15462,6034,-122,278,-175,0,0
1777182700.6149313,12880,-1047,15502,5972,-94,288,-175,0,0
1777182700.6592598,12900,-1139,15428,6069,-159,279,-192,0,0
1777182700.700454,12920,-1110,15489,6028,-138,275,-171,0,0
1777182700.7416894,12940,-1117,15456,6025,-150,271,-174,0,0
1777182700.7859771,12960,-1095,15469,6057,-139,280,-183,0,0
1777182700.8270347,12980,-1095,15478,6014,-83,288,-158,0,0
1777182700.904702,13000,-1116,15455,6036,-163,264,-188,0,0
1777182700.9489653,13020,-1112,15462,6064,-65,287,-146,0,0
1777182700.9901152,13040,-1101,15462,6056,-230,275,-204,0,0
1777182701.0312846,13060,-1125,15443,6031,-145,297,-176,0,0
1777182701.0754964,13080,-1127,15469,6043,-79,297,-161,0,0
1777182701.116686,13100,-1083,15467,6012,-206,278,-195,0,0
1777182701.15788,13120,-1090,15442,6044,-124,291,-182,0,0
1777182701.202096,13140,-1129,15511,6022,-95,282,-177,0,0
1777182701.2432888,13160,-1121,15465,6102,-194,275,-187,0,0
1777182701.284373,13180,-1138,15473,6062,-96,291,-177,0,0
1777182701.3286996,13200,-1089,15476,6035,-119,269,-175,0,0
1777182701.3698905,13220,-1086,15468,6043,-188,281,-198,0,0
1777182701.4110687,13240,-1100,15441,6061,-128,263,-174,0,0
1777182701.4554143,13260,-1101,15458,5965,-126,286,-169,0,0
1777182701.4959338,13280,-1106,15446,6054,-1,-1,-1,0,0
1777182701.537091,13300,-1106,15426,6075,-121,275,-173,0,0
1777182701.5814466,13320,-1070,15493,6030,-151,300,-171,0,0
1777182701.6226082,13340,-1138,15454,6066,-155,303,-172,0,0
1777182701.663934,13360,-1141,15444,6042,-121,291,-190,0,0
1777182701.7081816,13380,-1101,15451,6030,-152,285,-172,0,0
1777182701.7494204,13400,-1098,15465,6036,-155,287,-188,0,0
1777182701.7904925,13420,-1116,15483,6030,-102,307,-169,0,0
1777182701.8348334,13440,-1102,15437,6050,-154,261,-179,0,0
1777182701.8760233,13460,-1117,15497,5989,-143,288,-174,0,0
1777182701.9172504,13480,-1097,15443,5974,-110,269,-172,0,0
1777182701.9863691,13500,-1117,15461,6036,-147,290,-180,0,0
1777182702.027416,13520,-1100,15465,6039,-91,292,-171,0,0
1777182702.0685625,13540,-1125,15470,6067,-203,286,-191,0,0
1777182702.1129384,13560,-1080,15457,6010,-118,290,-169,0,0
1777182702.15408,13580,-1126,15491,6064,-102,279,-170,0,0
1777182702.1952624,13600,-1101,15468,6088,-195,263,-191,0,0
1777182702.239617,13620,-1075,15464,6019,-123,269,-170,0,0
1777182702.2808,13640,-1093,15429,6125,-147,281,-187,0,0
1777182702.3219686,13660,-1115,15474,6010,-111,316,-159,0,0
1777182702.3660088,13680,-1117,15516,5946,-95,341,-1,0,0
1777182702.4071612,13700,-1078,15476,6085,-229,259,-201,0,0
1777182702.448432,13720,-1120,15445,6048,-157,301,-176,0,0
1777182702.492543,13740,-1098,15523,5995,-14,326,-133,0,0
1777182702.5337646,13760,-1143,15499,6001,-219,273,-202,0,0
1777182702.5749052,13780,-1099,15475,6062,-166,259,-188,0,0
1777182702.6192546,13800,-1096,15436,6123,-101,284,-170,0,0
1777182702.6604488,13820,-1104,15480,5943,-102,286,-159,0,0
1777182702.7016156,13840,-1139,15453,6064,-182,278,-191,0,0
1777182702.7459702,13860,-1098,15435,6104,-179,273,-181,0,0
1777182702.787171,13880,-1081,15464,6020,-112,298,-198,0,0
1777182702.828408,13900,-1105,15451,6063,-147,280,-180,0,0
1777182702.872691,13920,-1099,15477,6023,-121,298,-184,0,0
1777182702.9139302,13940,-1091,15467,6019,-152,283,-191,0,0
1777182702.9550562,13960,-1107,15447,6044,-150,295,-181,0,0
1777182702.9994466,13980,-1120,15441,6025,-117,299,-166,0,0
1777182703.0771155,14000,-1120,15464,6061,-144,295,-194,0,0
1777182703.1183667,14020,-1079,15482,6056,-104,276,-188,0,0
1777182703.1626778,14040,-1130,15478,6027,-150,287,-188,0,0
1777182703.203903,14060,-1930,15121,7344,-6408,-5,1143,0,0
1777182703.2452433,14080,-71,15260,6528,-9123,-1216,-752,0,0
1777182703.2895815,14100,-679,15046,7130,-4132,379,152,0,0
1777182703.3308353,14120,-675,14106,8752,-8294,2660,629,0,0
1777182703.3721943,14140,-959,14230,9056,-5264,2375,-163,0,0
1777182703.416805,14160,-1205,13694,9988,-5795,3910,651,0,0
1777182703.4579546,14180,-1192,13926,9354,747,2862,326,0,0
1777182703.4992745,14200,-1136,14177,8946,4971,1053,541,0,0
1777182703.5439126,14220,-1064,14266,8626,8408,3877,1657,0,0
1777182703.5851703,14240,-1267,14648,7998,8911,3061,-33,0,0
1777182703.6265337,14260,-1524,14499,9143,8184,2214,606,0,0
1777182703.6707091,14280,-1148,15686,5510,1254,333,-1,0,0
1777182703.7120357,14300,-1424,14847,7708,4818,1621,254,0,0
1777182703.7535398,14320,-1514,15654,5399,3646,3378,1563,0,0
1777182703.797843,14340,210,16979,3103,-3855,1421,609,0,0
1777182703.839168,14360,-1153,15539,5926,3936,2491,288,0,0
1777182703.880418,14380,-1145,15398,5755,-1156,2172,34,0,0
1777182703.9249809,14400,-2186,14541,9386,1515,2485,475,0,0
1777182703.9662828,14420,-1075,15771,4833,-2241,920,-107,0,0
1777182704.0077767,14440,-1211,15388,7182,4930,6520,2959,0,0
1777182704.0524285,14460,-1167,15665,3760,2996,4126,139,0,0
1777182704.093792,14480,-1244,15097,6658,344,5780,2982,0,0
1777182704.1598725,14500,-1301,15405,6326,1542,4442,933,0,0
1777182704.2046912,14520,-2590,14436,10361,1037,6620,3767,0,0
1777182704.2458603,14540,-920,15813,5012,-1465,273,-738,0,0
1777182704.2872748,14560,-3617,14662,8931,-1838,2407,865,0,0
1777182704.332402,14580,2719,18273,-3974,-1434,916,-563,0,0
1777182704.3738825,14600,1029,17154,-1451,3113,4864,1155,0,0
1777182704.4154024,14620,-763,15631,5000,-1875,3775,1305,0,0
1777182704.4599514,14640,-2008,14621,9415,777,4660,2156,0,0
1777182704.5010452,14660,-89,16690,1905,-3650,985,-172,0,0
1777182704.528687,14680,-2286,14257,10294,1048,4719,1216,0,0
1777182704.5730007,14700,579,17247,-109,3319,2677,-820,0,0
1777182704.614366,14720,-903,15707,4806,-1247,2348,607,0,0
1777182704.6557574,14740,-1678,15338,7350,-1333,1040,795,0,0
1777182704.700361,14760,-703,16082,3699,2816,3028,1213,0,0
1777182704.7419994,14780,-1104,15217,7283,3800,5514,2327,0,0
1777182704.7828557,14800,-636,15972,4372,55,199,-572,0,0
1777182704.827543,14820,-1019,15642,6379,4177,8329,3186,0,0
1777182704.868903,14840,-899,15766,5694,2023,3680,1038,0,0
1777182704.9103982,14860,-1494,15280,7671,6373,8953,3678,0,0
1777182704.9546034,14880,-37,16427,2569,942,6789,1701,0,0
1777182704.9956982,14900,-841,15911,4927,-548,253,-739,0,0
1777182705.0371847,14920,-1335,15624,6169,3033,5018,1867,0,0
1777182705.081772,14940,600,16498,1231,2672,4878,1764,0,0
1777182705.1229289,14960,-1195,15670,6637,-88,2738,164,0,0
1777182705.1639209,14980,-535,16040,4300,412,3325,601,0,0
1777182705.2450306,15000,-21,16299,2219,21,4046,-316,0,0
1777182705.2859423,15020,-488,16027,4116,-863,2932,-30,0,0
1777182705.327024,15040,564,16476,1427,-9,5326,1271,0,0
1777182705.3708034,15060,-473,16030,4016,1,2541,-37,0,0
1777182705.4119456,15080,-760,15893,5064,-16,4164,1226,0,0
1777182705.4533694,15100,-928,16154,3994,-2660,842,-1076,0,0
1777182705.4979029,15120,-192,16048,3555,-849,2223,1507,0,0
1777182705.5391862,15140,-401,16046,3606,313,1931,-325,0,0
1777182705.580416,15160,-183,16281,3768,-505,2176,861,0,0
1777182705.624633,15180,-1296,15919,6261,536,1763,-75,0,0
1777182705.665589,15200,-291,16263,3430,-86,2052,326,0,0
1777182705.7066774,15220,-821,15724,6261,318,2795,922,0,0
1777182705.7509005,15240,-431,16143,4329,629,2431,290,0,0
1777182705.7923932,15260,1058,16367,2607,2509,2808,1690,0,0
1777182705.8333569,15280,-301,16193,3724,-207,169,-88,0,0
1777182705.8777022,15300,119,16208,3232,-3100,814,964,0,0
1777182705.9188619,15320,111,16569,1256,4545,3749,1863,0,0
1777182705.9596195,15340,532,16376,3715,40,236,-154,0,0
1777182706.0038419,15360,144,16160,3398,-2317,296,44,0,0
1777182706.0448124,15380,117,16079,4607,515,553,192,0,0
1777182706.0860279,15400,368,16285,3483,1084,817,-307,0,0
1777182706.1305087,15420,50,16159,2819,2510,1113,-182,0,0
1777182706.1717634,15440,92,16231,2620,-2012,1132,1138,0,0
1777182706.212719,15460,-152,15947,6271,966,1767,193,0,0
1777182706.2574365,15480,233,16349,2949,-1195,1274,-186,0,0
1777182706.3234577,15500,-261,16159,4622,147,1172,-232,0,0
1777182706.3646162,15520,1492,16493,-121,-920,978,145,0,0
1777182706.4090192,15540,-79,16104,5023,2375,4138,436,0,0
1777182706.450191,15560,482,16209,3086,1618,1847,424,0,0
1777182706.4914453,15580,-1194,16114,4381,-698,1340,140,0,0
1777182706.5361123,15600,-210,16066,3718,-1418,1342,-236,0,0
1777182706.5774715,15620,433,16300,2809,-935,1103,-690,0,0
1777182706.6192312,15640,859,16376,1579,-487,3173,2024,0,0
1777182706.6638086,15660,1111,16137,756,-2444,1255,-483,0,0
1777182706.7049265,15680,493,16509,2067,-825,2052,-226,0,0
1777182706.7461908,15700,436,16141,6020,1029,3688,472,0,0
1777182706.7905943,15720,519,16243,2813,-266,601,-845,0,0
1777182706.8319557,15740,-313,16043,2818,-768,1646,3253,0,0
1777182706.873122,15760,642,16179,2431,601,1191,-666,0,0
1777182706.917522,15780,337,16391,4541,213,1674,1550,0,0
1777182706.9588883,15800,-376,16038,3639,1140,885,-1713,0,0
1777182707.00035,15820,132,16385,2807,506,1004,801,0,0
1777182707.044571,15840,1251,16330,1783,-27,1154,62,0,0
1777182707.0857515,15860,559,16338,2444,-940,931,-813,0,0
1777182707.127166,15880,-438,16225,6075,1424,3743,-183,0,0
1777182707.1717837,15900,379,16356,3069,-1128,1863,-639,0,0
1777182707.2131896,15920,568,16384,2885,1091,3813,1599,0,0
1777182707.2545445,15940,894,16054,2530,-3391,2300,448,0,0
1777182707.2992551,15960,594,16266,3546,-53,3786,938,0,0
1777182707.3405824,15980,1217,16285,1810,1520,3496,-93,0,0
1777182707.4186423,16000,490,16427,4327,1694,3581,-319,0,0
1777182707.462987,16020,548,16388,2361,-651,707,-617,0,0
1777182707.5041401,16040,807,16436,1744,-941,803,-268,0,0
1777182707.5453491,16060,1466,15920,587,-2506,760,604,0,0
1777182707.5902836,16080,762,16220,2907,-1128,569,-697,0,0
1777182707.6313927,16100,859,16409,1761,-557,600,-361,0,0
1777182707.6727262,16120,277,16547,3205,1595,1380,1822,0,0
1777182707.7171774,16140,322,16330,3387,-233,831,-1374,0,0
1777182707.758558,16160,736,16448,1690,727,1836,-1003,0,0
1777182707.7996924,16180,146,16422,1841,432,2266,1339,0,0
1777182707.8440523,16200,879,16403,1763,-290,1054,147,0,0
1777182707.8855536,16220,1085,16403,1307,-1480,2124,-139,0,0
1777182707.926619,16240,1100,16211,971,-17,3030,579,0,0
1777182707.9708815,16260,1012,16380,1468,684,841,543,0,0
1777182708.0124063,16280,1140,16316,1495,-1040,1886,-331,0,0
1777182708.0540667,16300,993,16189,1660,2610,3055,823,0,0
1777182708.0983465,16320,1199,16392,1347,725,466,431,0,0
1777182708.1398633,16340,2008,16416,-1172,1050,1883,-118,0,0
1777182708.1811209,16360,632,16561,2182,-742,1008,-172,0,0
1777182708.2253923,16380,1221,16393,1288,-414,604,126,0,0
1777182708.266353,16400,1367,16467,936,-175,510,46,0,0
1777182708.3076982,16420,2261,16273,-770,5214,4727,491,0,0
1777182708.3520985,16440,514,16574,3179,-914,1148,-322,0,0
1777182708.393518,16460,1259,16337,1297,-1863,448,-183,0,0
1777182708.434829,16480,1464,16499,944,215,718,589,0,0
1777182708.504081,16500,2346,16175,-542,-819,1496,861,0,0
1777182708.5454352,16520,1490,16294,1347,550,399,500,0,0
1777182708.5867517,16540,1603,16449,943,162,452,533,0,0
1777182708.6311064,16560,1966,16309,716,-1005,565,119,0,0
1777182708.6728046,16580,2798,16017,-1622,-1059,1396,1107,0,0
1777182708.7146146,16600,1639,16467,1990,-1108,861,348,0,0
1777182708.7589865,16620,1956,16308,1138,-1144,65,787,0,0
1777182708.8001993,16640,2103,16345,1005,-361,742,133,0,0
1777182708.8415868,16660,2097,16265,1184,-1201,413,-649,0,0
1777182708.886061,16680,1712,16529,485,1570,1198,361,0,0
1777182708.927758,16700,2635,15825,-2558,5560,3462,-111,0,0
1777182708.9695961,16720,2179,15678,-776,1571,1658,-195,0,0
1777182709.0139036,16740,2091,16256,1194,51,1257,-116,0,0
1777182709.0550303,16760,2340,16307,-141,44,1435,-372,0,0
1777182709.0967557,16780,1648,17418,4081,1969,2137,82,0,0
1777182709.1412697,16800,1898,16395,787,1245,1841,-152,0,0
1777182709.1824338,16820,2096,16231,407,544,1079,-139,0,0
1777182709.2234519,16840,2158,16263,490,25,1049,574,0,0
1777182709.2683864,16860,2427,16486,-604,2206,3101,142,0,0
1777182709.3093462,16880,2129,16264,654,-462,1465,0,0,0
1777182709.3504121,16900,2164,16349,279,462,2349,193,0,0
1777182709.3947287,16920,2470,16243,136,-316,2203,431,0,0
1777182709.4360585,16940,2177,16418,625,-197,2481,-33,0,0
1777182709.4770505,16960,2638,16271,113,102,1912,536,0,0
1777182709.5214365,16980,2294,16641,372,2039,4215,327,0,0
1777182709.5993874,17000,2535,16272,476,736,1016,-488,0,0
1777182709.6409686,17020,2627,16124,66,-297,1313,-638,0,0
1777182709.686088,17040,2746,16225,-659,1735,3840,-886,0,0
1777182709.726991,17060,2491,16326,624,-42,880,360,0,0
1777182709.7683425,17080,2441,16352,172,-237,26,766,0,0
1777182709.8130572,17100,2788,16038,-125,-15,2015,281,0,0
1777182709.854741,17120,2234,16485,1043,406,1479,288,0,0
1777182709.8964381,17140,2579,16314,247,1143,432,1763,0,0
1777182709.940918,17160,2985,16172,-80,295,501,941,0,0
1777182709.982471,17180,2966,16261,-71,155,-583,2128,0,0
1777182710.024286,17200,3473,15936,234,-514,-693,1487,0,0
1777182710.0694494,17220,5817,16060,-3594,1208,-2773,-282,0,0
1777182710.1108243,17240,3384,16128,-166,-97,74,-102,0,0
1777182710.1526372,17260,3319,16115,-172,-1289,498,-739,0,0
1777182710.197028,17280,3287,16188,99,410,259,299,0,0
1777182710.238595,17300,3552,16104,-508,337,180,-513,0,0
1777182710.2800608,17320,3254,16142,30,-473,336,-373,0,0
1777182710.3246589,17340,3379,16083,-141,430,340,-18,0,0
1777182710.3660643,17360,3293,16132,-203,40,195,-224,0,0
1777182710.4077106,17380,3353,16122,-155,-520,285,-309,0,0
1777182710.4524405,17400,3361,16134,-85,-448,252,-305,0,0
1777182710.4936447,17420,3319,16094,-117,37,-47,-87,0,0
1777182710.5350382,17440,3345,16123,-148,-87,47,-197,0,0
1777182710.5798736,17460,3327,16140,-217,-316,-246,-256,0,0
1777182710.6216984,17480,3039,16197,37,-1131,-1120,-471,0,0
1777182710.6882224,17500,3170,16132,-93,-636,-828,-255,0,0
1777182710.733079,17520,2921,16188,67,-998,-1158,-336,0,0
1777182710.7748597,17540,4691,15938,-391,-597,-821,-442,0,0
1777182710.816246,17560,3267,16155,114,-926,90,-818,0,0
1777182710.860953,17580,3128,16156,212,-580,-561,-74,0,0
1777182710.9021318,17600,3280,16123,102,183,205,51,0,0
1777182710.9435146,17620,3151,16180,100,-12,-818,-61,0,0
1777182710.987842,17640,2058,16387,496,-502,-2793,60,0,0
1777182711.0297942,17660,3416,16044,-1131,-1916,-5243,-1698,0,0
1777182711.0718133,17680,3639,16123,303,-611,-3281,-1422,0,0
1777182711.1170297,17700,3356,16017,-398,-1063,-3550,-699,0,0
1777182711.1587157,17720,2805,16159,239,355,-1691,436,0,0
1777182711.2003365,17740,2847,16184,570,488,-2548,210,0,0
1777182711.2451406,17760,2845,16113,436,679,-2869,315,0,0
1777182711.286902,17780,2929,16138,105,1664,-3799,352,0,0
1777182711.3281715,17800,3021,16126,210,165,-3906,-903,0,0
1777182711.3732123,17820,2698,16311,-661,849,-5554,1056,0,0
1777182711.4151795,17840,2088,16578,-148,-3750,-8391,978,0,0
1777182711.4575794,17860,4891,15538,-3288,-848,-4957,-1658,0,0
1777182711.5026424,17880,1991,16442,1559,-3238,-4442,-671,0,0
1777182711.5447338,17900,2614,16355,-849,-1201,-4787,2101,0,0
1777182711.5871122,17920,3675,16010,-2670,-2729,-4614,-3276,0,0
1777182711.6324613,17940,3774,16212,-870,-1149,-3003,-1404,0,0
1777182711.6740746,17960,1463,16487,1780,138,-432,314,0,0
1777182711.7160745,17980,2997,16132,-429,1047,-2092,-700,0,0
1777182711.797444,18000,3224,16167,32,1732,-2248,-1436,0,0
1777182711.838778,18020,1029,16780,3423,34,-1500,-612,0,0
1777182711.8804586,18040,1560,16544,1670,-2626,-4712,-242,0,0
1777182711.9253345,18060,3036,15986,-1572,-645,-4153,-506,0,0
1777182711.9669354,18080,2686,16154,-448,1300,-2979,-3243,0,0
1777182712.009221,18100,2855,16391,-130,-3429,-2709,-2998,0,0
1777182712.0536692,18120,1007,16173,23,-1468,-2240,121,0,0
1777182712.0954401,18140,2191,16153,-1106,1977,-1706,1089,0,0
1777182712.1374023,18160,1597,16578,1669,2123,-926,1077,0,0
1777182712.1825829,18180,1715,16349,1148,-2283,-2972,304,0,0
1777182712.2242594,18200,1359,16238,1334,-1925,-4930,-253,0,0
1777182712.266182,18220,1947,16412,1217,-3393,-4047,-2009,0,0
1777182712.3108976,18240,1441,16326,1730,-2412,-3828,219,0,0
1777182712.352614,18260,2476,16649,880,-1742,-4266,-1790,0,0
1777182712.3940735,18280,2339,16386,-2039,-753,-4997,87,0,0
1777182712.4387028,18300,2163,16320,811,-4427,-4846,-29,0,0
1777182712.4802098,18320,1271,16171,4765,-187,-2720,-566,0,0
1777182712.521976,18340,1355,16588,2289,-2662,-5434,-367,0,0
1777182712.566874,18360,1772,16104,3162,-3478,-3931,-172,0,0
1777182712.6082735,18380,673,16311,7080,-415,-2585,147,0,0
1777182712.6501753,18400,2173,16267,1932,2839,-1718,504,0,0
1777182712.6952548,18420,2457,15837,1812,-7699,-7269,-2437,0,0
1777182712.7368827,18440,1291,16225,4008,1291,-2507,-919,0,0
1777182712.7784145,18460,1759,16250,2570,-1005,-2247,-3,0,0
1777182712.823111,18480,1591,16172,3951,-2544,-3118,312,0,0
1777182712.8897634,18500,2782,16541,-1330,-4368,-5541,-1251,0,0
1777182712.9314435,18520,1306,16125,6023,-5456,-5158,415,0,0
1777182712.9764724,18540,1275,16529,3100,-5834,-4942,-3043,0,0
1777182713.018437,18560,3829,15918,2313,338,-2294,2098,0,0
1777182713.0599678,18580,2389,16067,2258,-831,-2767,-335,0,0
1777182713.1042502,18600,1230,15945,6896,417,-985,58,0,0
1777182713.1454904,18620,2244,15984,3814,118,-1797,12,0,0
1777182713.18715,18640,2109,16083,3629,2191,-1431,-464,0,0
1777182713.2318594,18660,2449,16327,1904,-523,-2255,-530,0,0
1777182713.2592287,18680,2357,16158,2710,725,-1483,245,0,0
1777182713.3012059,18700,2004,16007,4399,2310,-2115,-731,0,0
1777182713.3458261,18720,2289,16214,2712,3371,-741,321,0,0
1777182713.3873315,18740,2246,16182,2894,545,-2661,-244,0,0
1777182713.4288116,18760,2389,16289,2250,3342,-1317,-325,0,0
1777182713.473424,18780,1931,16213,3899,147,-2145,-575,0,0
1777182713.5148995,18800,2021,15900,4425,-448,-3466,-343,0,0
1777182713.5562913,18820,2158,16196,2527,206,-2276,-58,0,0
1777182713.6008284,18840,2221,16160,2821,-554,-3012,-589,0,0
1777182713.6425016,18860,2713,16278,874,-3890,-5014,-1797,0,0
1777182713.6836772,18880,1111,16456,2985,530,-1023,25,0,0
1777182713.728509,18900,2857,16211,2243,-2378,-3487,-555,0,0
1777182713.7698894,18920,2288,16103,3192,-118,-1073,350,0,0
1777182713.811051,18940,2582,16491,555,669,-3104,-33,0,0
1777182713.8558598,18960,2822,16764,1990,-3799,-3264,-2421,0,0
1777182713.8977919,18980,3446,16401,1043,1406,-3376,706,0,0
1777182713.976174,19000,1914,15985,3636,-1477,-1816,350,0,0
1777182714.0207117,19020,2878,15488,3512,-387,-475,-944,0,0
1777182714.0621867,19040,2216,16408,2127,481,-470,-1362,0,0
1777182714.1033862,19060,2235,16089,3297,2306,315,652,0,0
1777182714.1480756,19080,2697,16273,2164,-2273,2284,-210,0,0
1777182714.1897657,19100,2781,15823,3790,-2764,4841,-728,0,0
1777182714.2320974,19120,1284,16628,1795,-12030,6856,-1905,0,0
1777182714.276991,19140,703,16054,5049,-11163,7413,-5756,0,0
1777182714.3189354,19160,-1444,15093,7244,14842,6659,-5870,0,0
1777182714.3602922,19180,-229,16124,3402,926,5304,-1908,0,0
1777182714.4051988,19200,1547,15333,5764,-3941,3781,-1215,0,0
1777182714.4466052,19220,-407,15591,5990,-146,332,-1188,0,0
1777182714.4873333,19240,166,15916,4697,499,83,-457,0,0
1777182714.5312903,19260,98,15891,4747,111,362,-834,0,0
1777182714.5720522,19280,-17,15970,4715,-61,256,-747,0,0
1777182714.6127756,19300,138,15852,4702,89,330,-571,0,0
1777182714.656905,19320,-25,15941,4632,-265,344,-606,0,0
1777182714.6978462,19340,-73,15884,4783,-576,318,-420,0,0
1777182714.7386408,19360,-90,15899,4701,167,300,-352,0,0
1777182714.782764,19380,-96,15898,4707,-474,236,-394,0,0
1777182714.8237982,19400,-111,15865,4815,-327,213,-454,0,0
1777182714.8647163,19420,-142,15925,4790,-94,219,-328,0,0
1777182714.9090033,19440,-157,15878,4795,-317,255,-389,0,0
1777182714.9500334,19460,-179,15921,4791,-136,297,-348,0,0
1777182714.9911256,19480,-213,15901,4720,-257,269,-311,0,0
1777182715.0601852,19500,-221,15897,4806,-225,235,-389,0,0
1777182715.1013258,19520,-217,15879,4880,-246,245,-292,0,0
1777182715.1421916,19540,-250,15881,4721,-44,254,-351,0,0
1777182715.186453,19560,-244,15835,4876,-405,250,-285,0,0
1777182715.2275324,19580,-258,15947,4672,-107,241,-357,0,0
1777182715.2686684,19600,-294,15831,4932,-371,208,-322,0,0
1777182715.312826,19620,-295,15898,4902,-172,269,-277,0,0
1777182715.3536382,19640,-359,15818,4707,42,237,-292,0,0
1777182715.3946905,19660,-261,15891,4896,-629,247,-298,0,0
1777182715.438691,19680,-355,15862,4795,60,252,-320,0,0
1777182715.4797127,19700,-258,15908,4843,-194,232,-262,0,0
1777182715.5208058,19720,-332,15793,5117,-393,209,-397,0,0
1777182715.5649862,19740,-302,15943,4738,139,246,-184,0,0
1777182715.605901,19760,-344,15923,4668,-165,241,-214,0,0
1777182715.6469848,19780,-350,15793,5036,-582,254,-304,0,0
1777182715.6909788,19800,-330,15818,4846,60,272,-234,0,0
1777182715.7319927,19820,-405,15860,4844,-235,236,-272,0,0
1777182715.7730415,19840,-373,15892,4920,-313,188,-326,0,0
1777182715.8170028,19860,-389,15821,4844,27,260,-195,0,0
1777182715.8580654,19880,-402,15855,4986,-398,256,-252,0,0
1777182715.8991206,19900,-395,15853,5010,-171,264,-317,0,0
1777182715.943329,19920,-377,15873,4940,-103,267,-201,0,0
1777182715.984374,19940,-365,15830,4933,-193,288,-266,0,0
1777182716.025433,19960,-405,15844,4904,-205,202,-308,0,0
1777182716.0696745,19980,-459,15816,4996,-137,235,-216,0,0
1777182716.1474514,20000,-435,15865,4880,-166,267,-227,0,0
1777182716.1885808,20020,-389,15838,4920,-191,264,-233,0,0
1777182716.2327137,20040,-465,15833,4958,-209,254,-272,0,0
1777182716.2737474,20060,-445,15849,4982,-137,236,-263,0,0
1777182716.314671,20080,-454,15837,4927,-93,261,-258,0,0
1777182716.3588707,20100,-449,15841,4910,-206,252,-235,0,0
1777182716.399919,20120,-491,15829,5040,-275,272,-239,0,0
1777182716.440927,20140,-456,15813,4993,-117,271,-231,0,0
1777182716.4851522,20160,-434,15863,4924,-113,279,-228,0,0
1777182716.5261846,20180,-461,15787,5075,-295,243,-264,0,0
1777182716.5671513,20200,-470,15838,4992,-68,245,-243,0,0
1777182716.6113217,20220,-488,15838,4940,-374,282,-248,0,0
1777182716.6523628,20240,-486,15812,4934,-274,274,-231,0,0
1777182716.693378,20260,-482,15838,4923,-52,264,-204,0,0
1777182716.7374685,20280,-505,15839,5033,-226,269,-223,0,0
1777182716.7785347,20300,-505,15807,5007,-243,265,-232,0,0
1777182716.8194847,20320,-500,15832,4960,-56,254,-217,0,0
1777182716.8636513,20340,-544,15800,4981,-252,247,-254,0,0
1777182716.904667,20360,-477,15833,5006,-112,239,-253,0,0
1777182716.9453623,20380,-548,15764,5071,3,-24,-381,0,0
1777182716.989414,20400,-534,15887,4973,-85,288,-166,0,0
1777182717.03045,20420,-547,15830,4940,-199,260,-192,0,0
1777182717.0715377,20440,-517,15836,5051,-230,241,-205,0,0
1777182717.1156938,20460,-531,15783,4988,-179,268,-216,0,0
1777182717.1428072,20480,-508,15864,4990,-104,278,-203,0,0
1777182717.2086449,20500,-534,15803,4996,-304,247,-240,0,0
1777182717.252866,20520,-548,15772,5030,-115,266,-199,0,0
1777182717.2939029,20540,-542,15834,5003,-170,255,-209,0,0
1777182717.334976,20560,-609,15778,5037,-194,258,-226,0,0
1777182717.3790462,20580,-532,15789,4983,-27,213,-255,0,0
1777182717.420116,20600,-567,15773,5136,-231,189,-201,0,0
1777182717.4611819,20620,-577,15779,5074,-283,255,-201,0,0
1777182717.505318,20640,-548,15819,4979,-63,252,-178,0,0
1777182717.5464606,20660,-575,15805,5045,-839,351,-226,0,0
1777182717.5874252,20680,-550,15845,4959,-267,278,-206,0,0
1777182717.631597,20700,-575,15783,5000,-201,261,-197,0,0
1777182717.6726525,20720,-541,15813,5077,-101,274,-205,0,0
1777182717.7137465,20740,-611,15793,5003,-123,234,-239,0,0
1777182717.757982,20760,-598,15811,5137,-150,183,-263,0,0
1777182717.799011,20780,-623,15794,5056,-169,179,-251,0,0
1777182717.8401163,20800,-616,15815,5001,-328,273,-215,0,0
1777182717.8841584,20820,-613,15807,5041,-74,263,-179,0,0
1777182717.9252307,20840,-602,15827,5004,-166,266,-203,0,0
1777182717.9662843,20860,-619,15796,5098,-219,243,-207,0,0
1777182718.0103586,20880,-577,15797,5013,-92,265,-177,0,0
1777182718.0513823,20900,-613,15762,5044,-237,279,-186,0,0
1777182718.0924778,20920,-617,15832,5095,-147,283,-210,0,0
1777182718.1366599,20940,-591,15848,5032,-121,254,-240,0,0
1777182718.1777523,20960,-643,15811,5002,-142,245,-247,0,0
1777182718.218817,20980,-602,15800,5066,-269,304,-207,0,0
1777182718.2997265,21000,-630,15809,5061,-140,268,-207,0,0
1777182718.3407881,21020,-609,15818,5100,-128,261,-210,0,0
1777182718.3818583,21040,-627,15792,5108,-246,248,-239,0,0
1777182718.4260828,21060,-658,15812,5045,-101,232,-225,0,0
1777182718.4669988,21080,-595,15777,5053,-88,274,-187,0,0
1777182718.508045,21100,-594,15783,5101,-253,254,-203,0,0
1777182718.5523555,21120,-655,15804,5145,-213,261,-204,0,0
1777182718.5931883,21140,-635,15776,5026,-30,266,-175,0,0
1777182718.6343558,21160,-636,15777,5100,-193,232,-248,0,0
1777182718.6785831,21180,-631,15775,5122,-252,260,-215,0,0
1777182718.7195783,21200,-649,15799,5082,-182,287,-185,0,0
1777182718.7605977,21220,-628,15779,5100,-165,269,-187,0,0
1777182718.804868,21240,-633,15784,5048,-183,260,-193,0,0
1777182718.8458781,21260,-642,15776,5049,-138,262,-173,0,0
1777182718.8869376,21280,-611,15788,5098,-209,264,-198,0,0
1777182718.9311316,21300,-658,15777,5131,-118,279,-189,0,0
1777182718.9721587,21320,-670,15793,5059,-107,275,-195,0,0
1777182719.0132136,21340,-647,15773,5139,-251,268,-206,0,0
1777182719.0574224,21360,-687,15783,5069,-100,263,-228,0,0
1777182719.0985765,21380,-663,15852,4913,-358,311,-263,0,0
1777182719.1396132,21400,-698,15737,5108,-326,288,-200,0,0
1777182719.1836774,21420,-631,15786,5119,-34,259,-178,0,0
1777182719.224738,21440,-643,15743,5056,-223,290,-183,0,0
1777182719.2658162,21460,-684,15745,5102,-133,266,-178,0,0
1777182719.310005,21480,-639,15827,5052,-144,260,-184,0,0
1777182719.3759432,21500,-648,15757,5152,-172,280,-189,0,0
1777182719.4166718,21520,-649,15810,5016,-2,280,-168,0,0
1777182719.4609113,21540,-677,15759,5090,-302,264,-201,0,0
1777182719.5019758,21560,-662,15751,5114,-118,280,-182,0,0
1777182719.5428767,21580,-649,15799,5074,-40,225,-244,0,0
1777182719.587136,21600,-691,15782,5012,-192,215,-244,0,0
1777182719.628185,21620,-686,15778,5122,-182,265,-211,0,0
1777182719.6691372,21640,-695,15768,5031,-89,186,-244,0,0
1777182719.713353,21660,-693,15756,5046,-211,275,-184,0,0
1777182719.7543125,21680,-659,15777,5023,-94,273,-186,0,0
1777182719.7953758,21700,-684,15787,5118,-235,261,-210,0,0
1777182719.8395786,21720,-697,15764,5126,-148,279,-185,0,0
1777182719.8805573,21740,-691,15798,5041,-37,282,-184,0,0
1777182719.9215786,21760,-657,15813,5075,-265,263,-188,0,0
1777182719.9658098,21780,-697,15750,5196,-211,267,-207,0,0
1777182720.0065165,21800,-689,15785,5120,7,277,-174,0,0
1777182720.0476158,21820,-726,15789,5075,-214,261,-210,0,0
1777182720.0917995,21840,-673,15777,5131,-230,256,-218,0,0
1777182720.1326416,21860,-698,15745,5084,12,266,-180,0,0
1777182720.1737406,21880,-680,15762,5128,-227,250,-237,0,0
1777182720.2179294,21900,-722,15814,5007,-327,290,-283,0,0
1777182720.2589624,21920,-681,15814,5064,-164,286,-163,0,0
1777182720.300034,21940,-707,15787,5140,-153,262,-184,0,0
1777182720.3441246,21960,-676,15795,5129,-96,288,-188,0,0
1777182720.385318,21980,-693,15762,5092,-132,257,-170,0,0
1777182720.46305,22000,-734,15778,5149,-152,282,-185,0,0
1777182720.5073085,22020,-701,15780,5101,-137,280,-174,0,0
1777182720.548352,22040,-724,15801,5198,-185,266,-185,0,0
1777182720.5895712,22060,-719,15767,5107,-138,273,-177,0,0
1777182720.6336393,22080,-686,15784,5118,-151,277,-191,0,0
1777182720.674716,22100,-720,15774,5130,-239,265,-207,0,0
1777182720.7157438,22120,-715,15757,5105,-82,275,-184,0,0
1777182720.759896,22140,-743,15793,5161,-178,270,-185,0,0
1777182720.8010283,22160,-723,15778,5159,-170,269,-180,0,0
1777182720.842033,22180,-735,15743,5094,-142,270,-177,0,0
1777182720.8863091,22200,-744,15770,5133,-140,263,-181,0,0
1777182720.9274094,22220,-694,15772,5149,-138,277,-195,0,0
1777182720.968448,22240,-717,15733,5142,-132,264,-224,0,0
1777182721.0126386,22260,-729,15826,5108,-201,264,-223,0,0
1777182721.0537634,22280,-767,15772,5163,-212,279,-185,0,0
1777182721.0947886,22300,-754,15826,5190,-143,272,-171,0,0
1777182721.13904,22320,-767,15741,5138,-174,275,-190,0,0
1777182721.180099,22340,-736,15748,5150,-204,285,-137,0,0
1777182721.2210445,22360,-723,15758,5140,-99,285,-173,0,0
1777182721.2653055,22380,-740,15759,5114,-211,275,-187,0,0
1777182721.3063493,22400,-766,15762,5135,-148,269,-207,0,0
1777182721.3474534,22420,-717,15759,5173,-151,276,-172,0,0
1777182721.3917463,22440,-738,15740,5163,-155,283,-190,0,0
1777182721.4326952,22460,-719,15743,5138,-169,272,-191,0,0
1777182721.4737608,22480,-750,15751,5164,-151,266,-192,0,0
1777182721.5425153,22500,-724,15755,5179,9,180,-283,0,0
1777182721.5836065,22520,-694,15744,5152,-171,178,-208,0,0
1777182721.6246595,22540,-720,15752,5129,-204,275,-199,0,0
1777182721.6687768,22560,-747,15772,5118,-78,274,-160,0,0
1777182721.7097986,22580,-755,15780,5161,-186,279,-180,0,0
1777182721.750954,22600,-724,15777,5112,-115,267,-171,0,0
1777182721.7950912,22620,-751,15771,5131,-131,267,-176,0,0
1777182721.8361464,22640,-726,15754,5110,-166,273,-192,0,0
1777182721.8772268,22660,-761,15766,5145,-138,287,-172,0,0
1777182721.9214377,22680,-732,15771,5119,-129,274,-183,0,0
1777182721.9625251,22700,-726,15737,5216,-239,273,-186,0,0
1777182722.0035448,22720,-702,15741,5142,-71,271,-177,0,0
1777182722.0477831,22740,-752,15772,5180,-188,269,-188,0,0
1777182722.0888155,22760,-780,15728,5195,-186,293,-184,0,0
1777182722.1298401,22780,-749,15760,5154,-122,265,-179,0,0
1777182722.1740773,22800,-755,15734,5154,-136,287,-185,0,0
1777182722.2151346,22820,-766,15758,5165,-205,264,-193,0,0
1777182722.2560904,22840,-736,15771,5133,-62,270,-178,0,0
1777182722.3003743,22860,-729,15751,5137,-213,271,-195,0,0
1777182722.341398,22880,-757,15758,5164,-151,271,-173,0,0
1777182722.3824263,22900,-732,15737,5127,-100,269,-210,0,0
1777182722.4266617,22920,-792,15798,5083,-158,249,-235,0,0
1777182722.4677536,22940,-739,15765,5143,-179,289,-184,0,0
1777182722.5088,22960,-727,15804,5130,-138,270,-180,0,0
1777182722.5530918,22980,-752,15738,5198,-200,291,-191,0,0
1777182722.6309657,23000,-784,15736,5182,-176,278,-193,0,0
1777182722.6720142,23020,-737,15728,5171,-190,284,-182,0,0
1777182722.716057,23040,-747,15786,5191,-87,1023,-1,0,0
1777182722.7570393,23060,-754,15769,5119,-158,266,-186,0,0
1777182722.7981443,23080,-766,15747,5202,-224,277,-188,0,0
1777182722.8423018,23100,-751,15756,5133,-82,282,-180,0,0
1777182722.8833027,23120,-775,15789,5112,-167,258,-180,0,0
1777182722.9244125,23140,-761,15731,5197,-183,270,-189,0,0
1777182722.9684541,23160,-764,15799,5165,-98,276,-175,0,0
1777182723.0096102,23180,-777,15742,5160,-207,267,-205,0,0
1777182723.050604,23200,-766,15720,5285,-100,234,-250,0,0
1777182723.0806422,23220,-776,15762,5133,-3,290,-163,0,0
1777182723.121674,23240,-760,15746,5130,-271,276,-199,0,0
1777182723.1628568,23260,-813,15718,5290,-236,294,-210,0,0
1777182723.2067592,23280,-776,15785,5153,75,278,-150,0,0
1777182723.247837,23300,-806,15799,5157,-290,260,-209,0,0
1777182723.2889252,23320,-781,15748,5232,-216,281,-205,0,0
1777182723.333043,23340,-765,15783,5055,114,280,-149,0,0
1777182723.3741653,23360,-764,15722,5223,-414,253,-217,0,0
1777182723.4151955,23380,-755,15723,5219,-132,287,-185,0,0
1777182723.4592993,23400,-752,15790,5079,96,269,-181,0,0
1777182723.5002434,23420,-760,15770,5113,-271,93,-330,0,0
1777182723.5411139,23440,-767,15740,5249,-60,284,-164,0,0
1777182723.5852735,23460,-735,15776,5157,-98,267,-157,0,0
1777182723.62634,23480,-796,15731,5218,-314,271,-197,0,0
1777182723.6920857,23500,-758,15762,5177,-14,268,-158,0,0
1777182723.7363093,23520,-790,15746,5176,-242,287,-199,0,0
1777182723.7772992,23540,-796,15802,5134,-68,283,-175,0,0
1777182723.8183398,23560,-752,15753,5204,-118,270,-179,0,0
1777182723.8625383,23580,-753,15741,5212,-297,284,-195,0,0
1777182723.90341,23600,-787,15747,5170,-2,287,-167,0,0
1777182723.9443917,23620,-758,15829,5037,-190,250,-192,0,0
1777182723.9886777,23640,-797,15768,5210,-317,263,-195,0,0
1777182724.0295653,23660,-778,15787,5176,-20,267,-165,0,0
1777182724.0706444,23680,-798,15738,5158,-118,265,-185,0,0
1777182724.1149065,23700,-777,15738,5263,-223,261,-191,0,0
1777182724.1558137,23720,-765,15737,5202,-43,280,-157,0,0
1777182724.196863,23740,-767,15739,5113,-180,264,-182,0,0
1777182724.2410817,23760,-805,15743,5164,-219,280,-189,0,0
1777182724.2820232,23780,-793,15738,5213,-54,274,-155,0,0
1777182724.3230827,23800,-783,15760,5193,-185,265,-178,0,0
1777182724.3673038,23820,-761,15743,5201,-136,257,-190,0,0
1777182724.4084322,23840,-771,15734,5240,-133,286,-190,0,0
1777182724.449512,23860,-783,15746,5220,-139,281,-180,0,0
1777182724.4936526,23880,-805,15720,5177,-122,270,-180,0,0
1777182724.5347161,23900,-767,15750,5195,-178,270,-181,0,0
1777182724.5758395,23920,-781,15751,5191,-131,272,-180,0,0
1777182724.6200705,23940,-778,15746,5218,-145,277,-183,0,0
1777182724.6611443,23960,-814,15745,5227,-155,281,-186,0,0
1777182724.702131,23980,-801,15785,5111,-116,263,-178,0,0
1777182724.783169,24000,-775,15726,5273,-139,238,-257,0,0
1777182724.82435,24020,-837,15742,5206,-214,301,-227,0,0
1777182724.8653514,24040,-798,15746,5237,-165,264,-171,0,0
1777182724.909458,24060,-831,15758,5159,-74,278,-176,0,0
1777182724.9505756,24080,-791,15767,5187,-117,272,-182,0,0
1777182724.9915183,24100,-781,15736,5213,-190,258,-191,0,0
1777182725.0357769,24120,-784,15741,5188,-105,285,-181,0,0
1777182725.0767114,24140,-774,15747,5187,-85,270,-162,0,0
1777182725.1177466,24160,-819,15748,5184,-245,265,-197,0,0
1777182725.161945,24180,-839,15727,5159,-120,280,-177,0,0
1777182725.2030675,24200,-810,15739,5159,-115,272,-174,0,0
1777182725.2433643,24220,-785,15778,5204,-1,-1,-1,0,0
1777182725.2876356,24240,-795,15736,5190,-174,277,-165,0,0
1777182725.3284767,24260,-809,15717,5189,-85,272,-168,0,0
1777182725.3557975,24280,-800,15776,5118,-107,294,-170,0,0
1777182725.4000485,24300,-783,15772,5231,-178,287,-176,0,0
1777182725.4410841,24320,-813,15738,5219,-123,274,-169,0,0
1777182725.4821603,24340,-803,15767,5219,-160,276,-174,0,0
1777182725.52637,24360,-799,15732,5150,-144,276,-193,0,0
1777182725.567577,24380,-779,15756,5245,-184,265,-179,0,0
1777182725.6084735,24400,-825,15740,5237,-138,264,-179,0,0
1777182725.652739,24420,-806,15734,5248,-147,271,-173,0,0
1777182725.6937292,24440,-778,15739,5186,-101,286,-176,0,0
1777182725.7347672,24460,-820,15725,5225,-195,263,-192,0,0
1777182725.778997,24480,-794,15748,5266,-133,279,-173,0,0
1777182725.8449168,24500,-809,15755,5168,-198,264,-193,0,0
1777182725.885962,24520,-805,15748,5218,-178,278,-182,0,0
1777182725.9301915,24540,-795,15749,5191,-107,271,-175,0,0
1777182725.9713001,24560,-808,15747,5253,-174,267,-189,0,0
1777182726.0122948,24580,-811,15742,5198,-147,286,-176,0,0
1777182726.0565083,24600,-816,15735,5199,-130,290,-173,0,0
1777182726.097557,24620,-792,15756,5187,-125,281,-195,0,0
1777182726.1386747,24640,-803,15684,5378,-151,182,-299,0,0
1777182726.1826413,24660,-818,15793,5082,22,206,-247,0,0
1777182726.2237275,24680,-838,15801,5145,-222,273,-188,0,0
1777182726.2647424,24700,-830,15728,5226,-168,258,-181,0,0
1777182726.3089492,24720,-807,15732,5255,-109,270,-169,0,0
1777182726.349961,24740,-866,15775,5129,-109,275,-176,0,0
1777182726.3910315,24760,-794,15766,5162,-183,269,-175,0,0
1777182726.4352949,24780,-824,15697,5300,-201,264,-194,0,0
1777182726.4761665,24800,-824,15728,5231,-80,299,-171,0,0
1777182726.5170774,24820,-811,15777,5091,-69,266,-164,0,0
1777182726.5613859,24840,-798,15739,5268,-352,273,-220,0,0
1777182726.6022918,24860,-844,15742,5218,-53,290,-163,0,0
1777182726.6431584,24880,-818,15764,5185,-88,276,-180,0,0
1777182726.6874278,24900,-806,15696,5263,-282,280,-193,0,0
1777182726.7282088,24920,-842,15788,5150,14,290,-162,0,0
1777182726.769292,24940,-789,15761,5156,-179,246,-177,0,0
1777182726.8135607,24960,-845,15706,5273,-221,268,-194,0,0
1777182726.854327,24980,-776,15764,5219,47,272,-139,0,0
1777182726.9321878,25000,-833,15626,5396,-311,285,-205,0,0
1777182726.9761891,25020,-764,15797,5017,430,324,-87,0,0
1777182727.0173514,25040,-809,15785,5066,-463,226,-227,0,0
1777182727.0583951,25060,-823,15667,5506,-687,242,-264,0,0
1777182727.1023798,25080,-864,15730,5144,684,318,-79,0,0
1777182727.143418,25100,-771,15847,4932,-208,235,-188,0,0
1777182727.18453,25120,-887,15635,5451,-914,180,-272,0,0
1777182727.2286043,25140,-798,15739,5266,520,319,-99,0,0
1777182727.269453,25160,-821,15770,4880,-8,215,-221,0,0
1777182727.3104484,25180,-816,15668,5505,-786,154,-288,0,0
1777182727.3544724,25200,-834,15722,5201,547,338,-84,0,0
1777182727.3953757,25220,-806,15850,4961,-44,252,-159,0,0
1777182727.4365044,25240,-833,15698,5325,-751,227,-261,0,0
1777182727.4806435,25260,-838,15689,5268,329,278,-106,0,0
1777182727.5217009,25280,-799,15775,5116,-131,282,-177,0,0
1777182727.5627654,25300,-828,15704,5342,-523,297,-217,0,0
1777182727.6068745,25320,-826,15735,5173,287,324,-118,0,0
1777182727.6478875,25340,-825,15792,5196,-235,294,-199,0,0
1777182727.6889992,25360,-831,15764,5144,-258,276,-201,0,0
1777182727.7330348,25380,-846,15747,5188,-43,240,-177,0,0
1777182727.7740855,25400,-842,15701,5326,-269,279,-203,0,0
1777182727.8150306,25420,-830,15743,5188,-43,283,-167,0,0
1777182727.8591034,25440,-865,15729,5192,-83,273,-174,0,0
1777182727.9001746,25460,-796,15742,5229,-315,292,-212,0,0
1777182727.9410605,25480,-824,15712,5188,-50,271,-163,0,0
1777182728.010153,25500,-834,15727,5286,-273,271,-192,0,0
1777182728.051217,25520,-817,15750,5219,-110,274,-172,0,0
1777182728.0921814,25540,-796,15741,5203,-44,271,-160,0,0
1777182728.1363485,25560,-851,15731,5230,-303,287,-207,0,0
1777182728.1773326,25580,-828,15755,5255,-48,273,-158,0,0
1777182728.2182856,25600,-833,15757,5189,-127,267,-168,0,0
1777182728.2624962,25620,-849,15716,5292,-267,277,-204,0,0
1777182728.3032916,25640,-841,15740,5168,29,297,-149,0,0
1777182728.344327,25660,-838,15724,5258,-249,284,-196,0,0
1777182728.3884785,25680,-833,15743,5263,-166,279,-182,0,0
1777182728.4294198,25700,-798,15748,5194,-53,258,-149,0,0
1777182728.4705484,25720,-831,15715,5268,-265,264,-207,0,0
1777182728.5145571,25740,-818,15701,5232,-87,288,-168,0,0
1777182728.5555568,25760,-886,15728,5225,-93,285,-169,0,0
1777182728.5965502,25780,-838,15762,5220,-216,277,-192,0,0
1777182728.6409075,25800,-852,15726,5287,-174,284,-187,0,0
1777182728.6817706,25820,-823,15757,5225,-75,289,-177,0,0
1777182728.7227669,25840,-826,15767,5175,-177,292,-179,0,0
1777182728.7669804,25860,-849,15724,5299,-159,267,-185,0,0
1777182728.8080807,25880,-837,15759,5222,-102,282,-181,0,0
1777182728.849088,25900,-866,15759,5202,-125,278,-171,0,0
1777182728.893323,25920,-864,15750,5241,-144,282,-176,0,0
1777182728.9343762,25940,-813,15720,5268,-153,251,-200,0,0
1777182728.9754412,25960,-849,15713,5278,-174,285,-181,0,0
1777182729.0195017,25980,-809,15741,5156,-73,275,-164,0,0
1777182729.0973525,26000,-817,15693,5321,-158,273,-174,0,0
1777182729.1383424,26020,-811,15748,5227,-11,281,-154,0,0
1777182729.182606,26040,-855,15734,5188,-222,269,-175,0,0
1777182729.2235916,26060,-797,15717,5266,-177,269,-166,0,0
1777182729.2645316,26080,-840,15711,5227,-49,274,-174,0,0
1777182729.3086894,26100,-805,15749,5220,-178,272,-195,0,0
1777182729.3497534,26120,-870,15756,5240,-189,271,-187,0,0
1777182729.390836,26140,-805,15752,5240,-115,292,-183,0,0
1777182729.4349153,26160,-831,15733,5237,-90,273,-176,0,0
1777182729.4759684,26180,-812,15731,5292,-272,273,-205,0,0
1777182729.5168748,26200,-812,15732,5268,-77,275,-169,0,0
1777182729.56097,26220,-832,15736,5160,-74,275,-178,0,0
1777182729.5883453,26240,-831,15749,5216,-211,277,-192,0,0
1777182729.629492,26260,-851,15720,5275,-201,282,-191,0,0
1777182729.673503,26280,-807,15684,5313,-81,303,-182,0,0
1777182729.7142024,26300,-833,15725,5207,-50,321,-1,0,0
1777182729.7552805,26320,-852,15748,5192,-196,263,-185,0,0
1777182729.7995024,26340,-837,15700,5254,-203,280,-202,0,0
1777182729.8405168,26360,-855,15734,5276,-103,274,-187,0,0
1777182729.8814385,26380,-832,15758,5189,-56,283,-187,0,0
1777182729.9257064,26400,-906,15704,5283,172,-148,-445,0,0
1777182729.9664598,26420,-795,15782,5127,-1,277,-164,0,0
1777182730.00752,26440,-894,15727,5243,-193,292,-181,0,0
1777182730.051916,26460,-861,15716,5242,-133,276,-170,0,0
1777182730.092768,26480,-848,15726,5245,-163,278,-161,0,0
1777182730.1585846,26500,-880,15743,5233,-89,277,-170,0,0
1777182730.2026641,26520,-841,15721,5249,-99,280,-169,0,0
1777182730.2437377,26540,-824,15737,5194,-152,280,-182,0,0
1777182730.2848623,26560,-842,15721,5269,-186,268,-199,0,0
1777182730.3289025,26580,-871,15680,5225,-61,300,-171,0,0
1777182730.3699465,26600,-790,15772,5225,-153,285,-175,0,0
1777182730.411019,26620,-857,15718,5201,-210,270,-188,0,0
1777182730.4551113,26640,-842,15741,5207,-60,284,-174,0,0
1777182730.49617,26660,-881,15707,5273,-136,292,-173,0,0
1777182730.5372856,26680,-806,15747,5263,-176,273,-185,0,0
1777182730.5814772,26700,-854,15733,5265,-137,275,-170,0,0
1777182730.6223695,26720,-835,15772,5184,-59,281,-171,0,0
1777182730.6634169,26740,-844,15775,5191,-203,257,-184,0,0
1777182730.7076678,26760,-875,15708,5264,-174,270,-177,0,0
1777182730.7486792,26780,-830,15739,5250,-46,288,-183,0,0
1777182730.7896712,26800,-864,15727,5236,-197,257,-171,0,0
1777182730.8338723,26820,-849,15750,5258,-184,281,-195,0,0
1777182730.8748255,26840,-862,15704,5207,-78,285,-164,0,0
1777182730.953526,26880,-858,15703,5266,-284,277,-199,0,0
1777182730.994428,26900,-861,15743,5211,-23,293,-166,0,0
1777182731.0354855,26920,-856,15753,5208,-106,277,-178,0,0
1777182731.0797012,26940,-858,15682,5302,-241,283,-176,0,0
1777182731.1206114,26960,-846,15731,5225,-45,283,-176,0,0
1777182731.161691,26980,-886,15747,5203,-174,278,-190,0,0
1777182731.242468,27000,-865,15734,5215,-52,282,-166,0,0
